pmid,gene,mutation,disease
1373334,,Pro574----Leu;Val553----Met,MESH:D056728;MESH:D056728;MESH:D025861;MESH:D056728;MESH:D056728;MESH:D056728
1672694,GpIb;von Willebrand Factor;vWF;GpIb;vWF;GpIb,Arg543----Trp;Arg545----Cys;Val553----Met;Arg578----Gln;Arg543----Trp,MESH:D056728;MESH:D056728;MESH:D014842;MESH:D056728;MESH:D056728;MESH:D056728
1680373,,6410 G----C;Gly12----Ala;31261 delta T;stop codon 31;31260 C----G;Thr380----Ser;31122 C----A;Ala34----Asp;G----A;Arg-4----Gln,MESH:D002836;MESH:D002836;MESH:D002836
10679599,,Met(528) and Met(552) for Val,MESH:D060085;MESH:D006509;;MESH:D006509
11801399,"alpha-, beta-,gamma-, delta-sarcoglycan;gamma-sarcoglycan;gamma-sarcoglycan;delta-sarcoglycan;gamma-sarcoglycan;gamma-sarcoglycan;gamma-sarcoglycan",Leu90Ser;Cys283Tyr;del521T,MESH:C535900;MESH:C564684;MESH:D049288
18331997,PPARGC1A;PPARGC1A;PPARGC1A;PPARGC1A,Thr394Thr;Gly482Ser;rs2970847;Thr394Thr;rs8192678;Gly482Ser;Thr394Thr;Gly482Ser;Thr394Thr;Thr394Thr;Ser482;Gly482Ser,MESH:D003924;MESH:D003924;MESH:D003924;MESH:D003924;MESH:D003924
18983494,lipoprotein associated phospholipase A2;lipoprotein-associated phospholipase A2;LpPLA2;LpPLA2;PLA2G7;LpPLA2;LpPLA2;LpPLA2;LpPLA2,-1357G>A;-403T>C;Arg92His;Ile198Thr;Ala379Val;-403C,MESH:D002318;MESH:D002318;MESH:D050197;MESH:D003324;MESH:D003324;MESH:D003324;MESH:D003324;MESH:D002318
19067792,GPIb alpha;GPIb alpha;CD34;CD45;fibrinogen;von Willebrand factor;alpha-tubulin;GPIb alpha;GPIb alpha,Ala156Val,MESH:D001606;MESH:D001791;MESH:D013921;MESH:C564004;OMIM:616737
20377893,MYG1;C12orf10;Myg1;MYG1;Melanocyte proliferating gene 1;C12orf10;MYG1;MYG1;MYG1;MYG1;MYG1;Myg1;MYG1;Myg1;MYG1,-119C;Arg4Gln;-119G;rs1465073;-119C;-119G;-119G;-119G;Arg4Gln;4Gln;-119C/G;Arg4Gln;-119C/G,MESH:D014820;MESH:D014820;MESH:D014820;MESH:D014820;MESH:D014820;MESH:D014820;MESH:D014820;MESH:D014820
21714469,thyrotropin receptor;thyrotropin receptor;TSHR;TSHR;TSHR;TSHR;TSHR;TSHR,R450H;D727E;CGC --> CAC;Arg450His;GAC --> GAG;Asp727Glu;R450H;D727E;R450H;R450H,MESH:D003409;MESH:D003409;MESH:D004700;MESH:D003409;MESH:D000307;MESH:D058345
21943958,FUS;TDP43;FUS;TDP-43;FUS;TDP-43;FUS;TDP-43;FUS;FUS;FUS;TDP-43;FUS,P106L;g.22508384C>T;Q179H;N267S;Gly174-Gly175 del GG;g. 4180-4185 delGAGGTG;Gly175-Gly176 ins GG;g. 4185-4186 insGAGGTG,MESH:D057180;MESH:D000088282;MESH:D000690;MESH:D000690;MESH:D057174;MESH:D057174;MESH:D000088282;MESH:D000088282;MESH:D057180;MESH:D057180;MESH:D057180;MESH:D000088282;MESH:D000690;MESH:D057180;MESH:D057180;MESH:D000088282;MESH:D000690;MESH:D057180;MESH:D000088282
22291974,glucokinase;Glucokinase;GK;insulin;GK;GCK;insulin;GK;GK;GK;GK;glucokinase;GK,p.Ile130Thr;p.Asp205His;p.Gly223Ser;p.His416Arg;p.Ala449Thr;p.Ile130Thr;p.Asp205His;p.Gly223Ser;p.His416Arg;p.Ala449Thr,MESH:C564219;MESH:D000073376;MESH:D007003;MESH:C564219;MESH:C564219
22665972,S-antigen;S-antigen;SAG;arrestin 1;rhodopsin kinase;GRK1;methylenetetrahydrofolate reductase;MTHFR;SAG;GRK1;SAG;MTHFR;SAG;SAG,p.Glu306*;C677T;c.916G>T;p.Glu306*;C677T;c.916G>T;p.Glu306*,MESH:C537743;MESH:C536122;MESH:C536122;MESH:C538335;MESH:C537743;MESH:D012851;MESH:D012851;MESH:D013921;MESH:D008180;MESH:D008180;MESH:C537743;MESH:C537743;MESH:D020138;MESH:D020138;MESH:C537743;MESH:D009461
23953133,adenosine A3 receptor;serotonin transporter;5-HT transporter;SERT;SERT;SERT;adenosine A3 receptor;A3AR;SERT;protein kinase G;PKG;SERT;A3AR;ADORA3;A3AR;SERT;A3AR;A3AR;A3AR;A3AR;SERT;SERT;A3AR;SERT;SERT;SERT,Leu90Val;Val171Ile;Leu90Val;Val90;Ile171,MESH:D001321;MESH:D000067877;MESH:D000067877;MESH:D000067877;MESH:D000067877;MESH:D000067877;MESH:D000067877;MESH:D000067877;MESH:D000067877;MESH:D000067877;MESH:D000067877;MESH:D000067877
24721129,,,MESH:D003681
24849604,KCC2;KCC2;KCC2;KCC2;KCC2;KCC2;KCC2;KCC2;KCC2;KCC2;KCC2;KCC2;KCC2;KCC2;KCC2;KCC2;KCC2;KCC2,S937D;Aspartate substitution of Thr(934;T934D;S937D;T934A;S937A;T934D;S937D,MESH:D009461
25124065,GALT;galactose-1-phosphate uridyltransferase;GALT;GALT;GALT;GALT;GALT;GALT;GALT;GALT,p.Ala101Asp;p.Tyr165His;p.Pro257Thr;c.826_827delinsAA;p.Ala276Asn;p.Asn96Serfs*5;c.378-1G > C;c.940A > G;c.507G > C;p.Gln169His;p.Gln188Arg;p.Ser135Leu;p.Lys285Asn;p.Leu195Pro;p.Tyr209Cys;p.Phe171Ser;c.253-2A > G,MESH:D005693;;MESH:D008659;MESH:D005693;MESH:D005693;MESH:D005693
25975359,ADAMTSL4;ADAMTSL4;ADAMTSL4;ADAMTSL4,p. (Ala388Glyfs*8);p. (Arg746His);p. (Gly592Ser);p. (Arg865His),MESH:D004479;MESH:D004479;MESH:D004479;MESH:D003240;MESH:D004479;MESH:D004479;MESH:D004479;MESH:D009216;MESH:D004479
26170631,DAOA;D-amino acid oxidase activator;DAOA;DAOA;DAOA,,MESH:D012559;MESH:D012559;MESH:D012559;MESH:D001523;MESH:D060825;MESH:D000014;MESH:D009461;MESH:D012559;MESH:D012559
26916334,Tau;Tau;Tau;Tau;Tau;Tau;Tau;Tau;Tau;Tau;Tau;Gfap;Tau;Tau;Thy1.2;Tau,Ala152Thr;A152T;A152T,MESH:D000090862;MESH:D003072;MESH:D011030;MESH:D000544;MESH:D019636;MESH:D057180;MESH:D000544;MESH:D051437;MESH:D000090862;MESH:D000090862;MESH:D000544;MESH:D008569;MESH:D009410;MESH:D024801;MESH:D000090862;MESH:D064420
28258408,VP2;VP2;3D9;MAb 3D9;VP2;MAb 3D9;MAb 3D9;VP2,V90A;Val90,MESH:D005536;MESH:D005536;MESH:D003141
29965748,alpha-tubulin,Arg-243-Lys,MESH:D008659;MESH:D008659;MESH:D008659
30332739,HDAC2;histone deacetylase (HDAC)2;HDAC2,,MESH:D006528
31160396,,,MESH:D006816;MESH:D006816
31560829,elastin;LIMK1,c.160G>T,MESH:D021921;MESH:D021921;MESH:D021921;MESH:D002318;MESH:D001024;MESH:D012769;MESH:D021921;MESH:D021921;MESH:D021921;MESH:D001145;MESH:D021921;MESH:D021921
32010610,CRP;BCR;ABL1;ETV6;RUNX1;MLL;SPINK5;NUP214;JAK2;IL17RC;ACTN2;TRPV3;COL7A1;JAK2,p.Cys510*;p.Arg815Gln;p.Arg683Gly;p.Ala303Thr;p.Gly1091Arg;p.Pro17245Leu;p.Ile143Leu;p.Arg729*;p.Glu2842fs,MESH:D054198;MESH:D056770;MESH:D054198;MESH:D056770;MESH:D056770;MESH:D056770;MESH:D015470;MESH:D000740;MESH:D007964;MESH:D013921;MESH:D016113;;MESH:D012871;;MESH:D064420;MESH:D012871;;MESH:D064420;;MESH:D012871;MESH:D056770;MESH:D054198;MESH:D056770
32729419,Dihydrofolate Reductase;dihydrofolatereductase;pfDHFR;pfDHFR;pfDHFR;ASP54;ILE14;LEU164;SER108;ASN108;ARG122;ASP58,,MESH:D008288
33017058,,,MESH:D064420
33392964,SHP2;SHP2;SHP2WT;SHP2WT;SHP2,E69K;E69K;E69K,MESH:D007938;
33989636,TRIM7;glycogenin-1;E3 ubiquitin ligase;glycogenin-1;GN1;TRIM7;TRIM7;TRIM7;GN1;GN1;GN1,,MESH:D009369;MESH:D050197
34041263,AVPdb,,MESH:D000086382
34328988,G protein-coupled estrogen receptor;estrogen receptor;GPER;GPER;GPER;GPER;GPER;GPER;G protein-coupled receptor;GPER,,MESH:D064420
34338914,SHP2;SHP2;SHP2;SHP2;SHP2;SHP2;SHP2;SHP2,,MESH:D009369;MESH:D009369
34437424,,Leu615;R203Q;R203Q;Glu522;Asn552;Asn576;Leu615;E522A;N552A;N576A;L615A;L615A;L615A;Y332A;F364A;Leu615,;;MESH:D064420
35237305,APOC3;APOC3;APOA5,c.11G > A;Arg4Gln;c.*40C > G;c.*158T > C;c.162-43G > A;c.-3A > G,MESH:D015228;MESH:D054218;MESH:D054218;;MESH:D010195;MESH:D020246;MESH:D006967;MESH:D015228;MESH:D015228;MESH:D054218;MESH:D015228
35547122,,,MESH:D064420;MESH:D064420;MESH:D018197
36026508,PfHT1;hexose transporter 1;PfHT1;PfHT1;PfHT1;PfHT1;PfHT1;PfHT1;PfHT1;PfHT1;PfHT1 receptor,,MESH:D008288;MESH:D008288
36104373,Nicotinamide N-methyltransferase;Nicotinamide N-methyltransferase;NNMT;NNMT;NNMT;NNMT;NNMT;NNMT,,MESH:D008659;MESH:D008659;MESH:D009765;MESH:D003920;MESH:D009765;MESH:D008659
37141437,"PACS1;PACS1;PACS1;PACS1;GGA3;Golgi-associated, gamma-adaptin ear-containing, ARF-binding protein 3;PACS1;GGA3;PACS1",755C > T;p.(Ser252Phe),MESH:D008607;MESH:D002658;MESH:D002658;MESH:D002658;MESH:D008607;MESH:D008607;MESH:D002658;MESH:D002658;MESH:D008607
37336512,,c.715C>T;p.Arg239Ter;c.799C>T;p.Arg267Ter;c.1584_1587del;c.403_404delGA;c.1511-28_1511-2del;c.715C>T;p.Arg239Ter,MESH:D015794;MESH:D015794;MESH:D015794;MESH:D012174;MESH:D012174;MESH:D015794;MESH:D010859;MESH:D012173;MESH:D012607;MESH:D015794;MESH:D015794
37368488,LRP1;Low Density Lipoprotein Receptor-related Protein-1;LRP1;PrPC;PrPC;LRP1;PrPC;PrPC;PrPC;Prnp;ERK1/2;LRP1;PrPC;LRP1;LRP1;PrPC;LRP1,Lys100 and Lys103 into Ala;Lys105 and Lys109 were converted into Ala,MESH:D007249
37495854,thrombin;Thrombin;thrombin;thrombin;thrombin;thrombin;thrombin;thrombin;thrombin;thrombin;thrombin,,MESH:D001778
37631011,,,MESH:D009369
38153123,ISG20L2;ISG20L2;ISG20L2;ISG20L2;DEDD;ISG20L2;ISG20L2;ISG20L2;ISG20L2;ISG20L2;ISG20L2,,MESH:D003110;MESH:D015179;MESH:D003110
38342903,NPF1.2;NRT2,,MESH:C536108;MESH:C536108;MESH:C536108
38590677,,,MESH:D003866;MESH:D001523;MESH:D003866;MESH:D003866;MESH:D003866;MESH:D001007
39231970,YOD1;NLRP3,,;MESH:D018805;
39310545,Rhizophorin,,MESH:D008457;MESH:D012409;MESH:D012409;MESH:D012409;MESH:D012409
39343253,oleosin;IgE,,MESH:D004342
39395800,ACMSD;ACMSD;ACMSD;ACMSD;ACMSD;ACMSD;ACMSD,W194A,MESH:D028361;MESH:D019636
39574220,,,MESH:D007011;MESH:D010279;MESH:D008659;MESH:D064420;MESH:D064420;MESH:D064420;
39623602,CCDC134;coiled-coil domain containing 134;CCDC134;CCDC134;CCDC134;CCDC134;CCDC134;CCDC134,c.2 T > C;p. Met1Thr;c.492G > C;p. Leu164=;c.492G > C;p. Leu164=,MESH:D010013;MESH:D010013;MESH:D010013;MESH:C535910;MESH:D030342;MESH:D030342;MESH:D010013;MESH:D010013;MESH:D010013;MESH:D017759;MESH:D006130;MESH:D012600;MESH:D034161;MESH:D010013;MESH:D010013;MESH:D010013
1400429,von Willebrand factor;glycoprotein Ib;von Willebrand factor;vWF;glycoprotein Ib;GPIb;vWF;GPIb;vWF;GPIb;vWF;GPIb;GPIb;vWF;vWF;GPIb;vWF;vWF;GPIb;vWF;vWF,Arg578-->Gln;Arg578-->Gln;R578Q;R578Q;Arg578-->Gln;R578Q;Arg543-->Trp;Arg545-->Cys;Val553-->Met;Arg578-->Gln;R578Q;Arg578-->Gln;Arg578,MESH:D056728;MESH:D056728;MESH:D014842;MESH:D056728;MESH:D056728;MESH:D056728;MESH:D056728
7909449,von Willebrand factor,Val553-->Met,MESH:D056728;MESH:D056728
9502574,Kir 1.1;ROMK;renin;NKCC2;Kir 1.1;ROMK;Kir 1.1,Ala156Val;Leu220Phe,MESH:D001477;MESH:D001477;MESH:D015499;MESH:D000471;MESH:D013651;MESH:D001477;MESH:D001477
11222377,GPIbalpha;GPIbalpha,Ala156Val;Ala156Val,MESH:C567747;MESH:D001606;MESH:C567747;MESH:D001606;MESH:D001606;MESH:D001606;MESH:C567747;MESH:D001606;MESH:C567747;MESH:D001606;MESH:C566060;MESH:C564004
12733052,corticosteroid binding globulin;Corticosteroid binding globulin;CBG;thyroxin binding globulin;TBG;CBG;CBG;CBG;CBG;CBG;alpha1-antitrypsin;alpha1-antichymotrypsin;alpha1-antitrypsin;alpha1-antichymotrypsin,,MESH:D007249;MESH:D007249;MESH:D007249
15863669,PGC-1beta;Peroxisome proliferator activated receptor-gamma coactivator-1beta;PGC-1beta;PGC-1alpha;PGC-1alpha;PPARGC1B;PGC-1beta,Ala203Pro;Val279Ile;203Pro;Ala203,MESH:D009765;MESH:D009765;MESH:D003924;MESH:D009765;MESH:D009765;MESH:D050177;MESH:D009765;MESH:D003924;MESH:D003924;MESH:D009765
19258292,TSC2;TSC1;TSC2;TSC2;TSC2,p.Ala460Thr,MESH:D014402;MESH:D000798;MESH:D014402;MESH:D030342;MESH:D006223;MESH:D014717;MESH:D006261;MESH:D012640;MESH:D008607;MESH:D009422;MESH:D000798;MESH:D002114;MESH:D013341;MESH:D018207;MESH:C537836;MESH:D054220;MESH:D014402;MESH:D000798
20144150,,,MESH:D007239;MESH:D064420;MESH:D007239
21157922,heme oxygenase-1;Heme oxygenase-1;HO-1;HO-1;HO-1;HO-1;HO-1;HO-1;HO-1;HO-1,Gly139His;Gly143His;Ser142His;Gly139His;G139H;Gly143His;G143H;G139H;G143H;Ser142His;Ser142His;G139H;G143H;G143H;Gly139;Gly143;Gly143,;MESH:D000740;MESH:D019190
22391550,,Tyr224His;His252Arg;Tyr224His;His252Arg,MESH:D003110
22464213,CETP;LIPC;LIPG;CETP;LIPC;LIPG;cholesteryl ester transfer protein;hepatic lipase;endothelial lipase;CETP;LIPC;LIPG;CETP;LIPC;CETP;CETP;CETP;LIPC;CETP;LIPG;CETP;LIPC;LIPG,p.Val411ArgfsX6;p.Gly141Ser;p.Val173Met;p.Asp459Gly;p.Asp459Gly,OMIM:143470;OMIM:143470;OMIM:143470;OMIM:143470;OMIM:143470;OMIM:143470;OMIM:143470;OMIM:143470
22798075,glutaredoxin;alpha2;alpha1,,MESH:D000860
22835627,angiotensin-converting enzyme;Angiotensin I-converting enzyme;ACE;ACE;ACE;ACE;ACE;ACE;ACE,,MESH:D006973;MESH:D002318
24405986,,methionine at position 203;isoleucine at position 257;alanine at position 195,MESH:D004886;MESH:D004886;MESH:D004886;MESH:D003643;MESH:D004886
27016457,luteinizing hormone receptor;LHCGR;luteinizing hormone receptor;LHCGR;LHCGR,p.Gln525Ter;p.Arg479Ter;p.Gln170Ter,MESH:D000568;MESH:D000568;MESH:D000568;MESH:D000568
27344355,ND5;NDUFAF2;POLG,m.3243A>G;m.13513G>A;p.Asp393Asn;c.1399G>A;p.Ala467Thr,MESH:D028361;MESH:D030342;MESH:D028361;MESH:D028361;MESH:D028361;MESH:D017241;MESH:D020521;MESH:D017241;MESH:D007888;MESH:D028361;MESH:D007888;MESH:D028361;MESH:D034721;MESH:D009468
27554452,POLG;polymerase gamma;POLG;POLG;POLG;POLG;POLG;POLG;POLG,p.Ala467Thr;p.Trp748Ser;p.Gly848Ser,MESH:D004827;MESH:D004827;MESH:D012640;MESH:D004827;MESH:D012640;MESH:D012640;MESH:D009207;MESH:D006259;MESH:D004827;MESH:D056486;MESH:D028361
28601781,alpha1;Src;Erk;Src;Src;Erk;Src,Cys244;Cys 454-458-459;Cys244;Cys 454-458-459 or Cys 244-454-458-459;Cys244;Cys 244-454-458-459;Cys454-458-459Ala;Cys244Ala;Cys 244-454-458-459Ala,MESH:D002534;MESH:D002534;MESH:D000860;MESH:D000860;MESH:D002534;MESH:D000860
28754362,A3G,,MESH:D000163
29867496,Androgen Receptor;androgen receptor;AR;AR;AR;AR;AR;AR;AR;AR;AR;AR;AR;AR;AR;AR;AR,,MESH:D013734
30007050,NFATC1;CRELD1;NFATC1;TBX1;NFATC1;NFATC1;NFATC1,p.(Ala367Val);p.(Val210Met);p.(Ala696Thr);Pro86Leu,MESH:C562831;MESH:C562831;MESH:C562831;MESH:D004314;MESH:D059446;MESH:D006331;MESH:C562831;MESH:C562831;MESH:C562831;MESH:D059446;MESH:C562831;MESH:C562831;MESH:D059446;MESH:C562831;MESH:D059446;MESH:C538271;MESH:C538271;MESH:C562831;MESH:D059446;MESH:C538271;MESH:D006331;MESH:D059446;MESH:C562831
30423451,POLG,p.Ala467Thr;p.Trp748Ser;p.Gly848Ser;p.Trp748Ser;p.Trp748Ser,MESH:D006362;MESH:D002549;MESH:D001259
30787317,BCR-ABL;BCR-ABL;BCR-ABL;BCR-ABL;BCR-ABL;BCR-ABL;BCR-ABL,Leu301Ile;p.(Tyr320His);p.(Glu373Asp);p.(Asp381Asn);Val256Gly;p.(Thr315Ile);p.(Gly250Glu);p.(Tyr253His);p.(Phe317Leu);p.(Met351Thr);p.(Glu281*);p.(Tyr393*),MESH:D015464;MESH:D015464;MESH:D015464;MESH:D015464;MESH:D010677;MESH:D015464;MESH:D015464
30787447,FGFR1;ERK1/2;FGFR1;FGFR1;FGFR1;FGFR1;FGFR1;FGF2;FGFR1;FGF2;FGFR1;ERK1/2;FGFR1;FGFR1;FGFR1;FGFR1,c.1934C>T;Ala645Val;Ala645Val,MESH:C564484;MESH:C564484;MESH:C564484;MESH:D002658;MESH:D016142;MESH:C574275;MESH:C564484;MESH:C564484;MESH:C564484;MESH:C564484
30926465,rpoB;rpoB;rpoB,Ser315Thr;Ser531Leu;Asp94Gly;A1401G;Leu442Leu;Ser447Phe;Asn499Thr;Ala504Val,MESH:D018088;MESH:D018088;MESH:D018088;MESH:D018088;MESH:D018088;MESH:D018088;MESH:D054908;MESH:D018088;MESH:D054908
31078727,CPV-2a;CPV-2c,Pro580Thr;Tyr584His,MESH:D004751;MESH:D009205;MESH:D007239;MESH:D010322
31773495,PRPS1;PRPS1;PRPS1;PRPS1,c.521(exon)G>T;p.(Gly174Val);Val for Gly174;Val174,MESH:D006073;MESH:D033461;;MESH:D033461;MESH:D006073;MESH:D000084462;MESH:D017588;MESH:D007333;MESH:D007333;MESH:D011085;MESH:D011085;MESH:D006073;MESH:D008659;MESH:D000084462
31907281,Apolipoprotein A-I;apoA-I;apoA-I;apoA-I;HDL3;MPO;apoA-I;apoA-I;apoA-II;apoA-I;apoA-II;apoA-IV;apoE.;LDLR;apoA-I;apoA-I;apoA-I;apoA-I;apoA-I;apoA-IV;apoA-II,,MESH:D058226
31937411,neuroglobin;cytochrome c;Neuroglobin;neuroglobin;neuroglobin;neuroglobin;cytochrome c;neuroglobin;cytochrome c;cytochrome c;neuroglobin;cytochrome c;neuroglobin;cytochrome c;neuroglobin;cytochrome c;neuroglobin;cytochrome c;neuroglobin;cytochrome c;neuroglobin;cytochrome c;neuroglobin;cytochrome c,,MESH:D009410
32093544,SRPK1;ASF;SF2;SRPK1;ASF;SF2;SRPK1;ASF;SF2;SRPK1;ASF;SF2;SRPK1;SRPK1;ASF;SF2;ASF;SF2;SRPK1;SRPK1;ASF;SF2;SRPK1;SRPK1;ASF;SF2;SRPK1;ASF;SF2;SRPK1,,MESH:D009369;MESH:D009369;MESH:D009369
32190547,Lipase maturation factor 1;lipoprotein lipase;LPL;LPL;LPL;LPL;LPL,Gly36Asp;p.(Pro562Arg);p.(Thr143Met);p.(Asn249Ser);p.(Ala287Val);p.(Met346Val);p.(Thr395Ile);p.(Gly410Arg);p.(Asp433Asn);p.(Asp491Asn);p.(Asn501Tyr);p.(Ala504Val);p.(Arg523His);Leu563Arg;Gly36Asp;p.(Asn249Ser);p.(Ala287Val);p.(Asn501Tyr);p.(Pro562Arg);p.(Leu563Arg),MESH:D015228;MESH:D015228;MESH:D015228;MESH:D008072;MESH:D010195;MESH:D015228;MESH:D015228;MESH:D015228
32344654,,,MESH:D006480
33105479,PRUNE1;PRUNE1;PRUNE1;Prune1;PRUNE1,c.383G > A;p.Arg128Gln;c.520G > T;p.Gly174*,MESH:C567101;MESH:C567101;MESH:C567101;MESH:D020271;MESH:D002658;MESH:D008607;MESH:D008831;MESH:D001284;MESH:C562568;MESH:D003711;MESH:C567101;MESH:C536057;MESH:C567101
33226073,MEK2;mitogen-activated protein kinase kinase 2;MEK2;ERK1/2;MEK2;MEK2;MEK2;OGT;O-GlcNAc;MEK2;MEK2;MEK2;ERK1/2;MEK2;MEK2,,MESH:D001943;MESH:D009369;MESH:D009369;MESH:D001943;MESH:D063646;MESH:D009369
33637956,ELAVL1,,MESH:D001424;MESH:D001424
33810550,AChE;BChE;AChE;BChE;BChE;AChE;BChE;AChE;BChE,,MESH:D064420
33823093,glutaminyl cyclase;glutaminyl cyclase;beta amyloid peptide,,MESH:D055113;MESH:D000544
34919466,TSHR;TSHR;TSHR;TSHR;TSHR;TSHR,Arg450His,MESH:D003409;MESH:D007037;MESH:D004700;MESH:D007037
34973996,,,MESH:D010243;MESH:C000719201
35114279,GJB2;GJB2;SLC26A4;OTOF;OTOF;SLC26A4;GJB2;COL4A4;GJB2;EYA1;GJB2;COL4A5;GJB2;DFNA5,c.235delC;c.4691G > A;p.Trp1564Ter;c.3928_3930dup;p.Lys1310dup;c.1349G > A;p.Arg450His;c.456 T > G;p.Asn152Lys;c.1595G > T;p.Ser532Ile;c.2359G > T;p.Glu787Ter,MESH:D045169;MESH:D009386;MESH:D003638;MESH:D034381;MESH:D003638;;;MESH:D034381
35122975,beta-catenin;beta-catenin;Telomerase reverse transcriptase;TERT;TERT;tumor necrosis factor-alpha;interleukin-1beta;interleukin-6;IL-1beta;beta-catenin;TERT;TERT;beta-catenin;TERT,,MESH:D014947;MESH:D007249;MESH:D007249;MESH:D007249;MESH:D007249;MESH:D014947;MESH:D014947;MESH:D007249;MESH:D014947;MESH:D002056
35350396,POLG;POLG;POLG;POLG;POLG;POLG,p.Thr251Ile;p.Pro587Leu;p.Ala467Thr,MESH:D009437;MESH:D000077733;MESH:D028361;MESH:D017246;MESH:D017246;MESH:D028361;MESH:D028361;MESH:D030342;MESH:D028361;MESH:D017246;MESH:D017246;MESH:D017246;MESH:D030342;MESH:D017246;MESH:D007625;MESH:D028361;MESH:D017246;MESH:D017246;MESH:D030342;MESH:D028361;MESH:D017246;MESH:D028361;MESH:D030342;MESH:D011115;MESH:D009437;MESH:D030342;MESH:D028361;MESH:D028361;MESH:D028361;MESH:D028361;MESH:D028361;MESH:D017246;MESH:D011115;MESH:D009437;MESH:D000077733
36428153,C5a Anaphylatoxin Chemotactic Receptor 1;C5a anaphylatoxin chemotactic receptor 1;C5aR1;C5aR1;TM5;C5aR1;TM5;C5aR1;TM5;TM5;TM5;C5aR1,,MESH:D007249
36719113,PHY,,MESH:D000086382;MESH:D000086382;MESH:D000086382
37107640,SATB2;SATB2,c.715C>T;c.715C>T;p.(Arg239*);c.715C>T;p.(Arg239*),MESH:D002658;MESH:D008607;MESH:D007805;MESH:D004832;MESH:D019465;MESH:D001523
37179472,DRG1;Developmentally-regulated GTP-binding protein 1;DRG1;DRG1;DRG1;DRG1;DRG1;DRG1;ZC3H15;DRG1;Drg1;DRG1,p.Gly54*;p.Arg140*;p.Lys263*;p.Asn248Phe,MESH:D002658;MESH:D002658;MESH:D002658;MESH:C579935;MESH:D006130;MESH:D019465;MESH:C536057;MESH:D025861;MESH:C563602
37342083,A20;TNFAIP3;TNFAIP3;A20;TNFAIP3;TNFAIP3;A20;A20;A20;A20;A20;NF-kappaB;TRAF6;A20,p.(Leu236Pro);Leu236Pro;Leu275Pro;Leu236Pro;Glu192Lys;Cys243Tyr;Leu236,MESH:D056660;;MESH:D056660;;MESH:D010051;MESH:D010051;MESH:D010051;MESH:D010051
37346832,thyroid-stimulating hormone receptor,p.Arg109Gln;p.Arg450His;p.Arg109Gln;p.Arg450His;p.Arg109Gln,MESH:D003409;MESH:D003409;MESH:D004700;MESH:C576976
37978906,FFAR4;free fatty acid receptor 4;FFAR4;FFAR4;FFAR4;FFAR4;ARG99;FFAR4;FFAR4,,MESH:D003924;MESH:D003920;MESH:D008659;MESH:D003924;MESH:D003924;MESH:D009765;MESH:D003924
38095323,,,MESH:D003248;MESH:D019966
38245927,Tim-3;Hepatitis A virus cellular receptor 2;Galectin-9;Galectin-9;Tim-3;galectin-9;Tim-3;galectin-9;Tim-3;Tim-3;galectin 9,,MESH:D008545;MESH:D009349;MESH:D007249
39358506,TET2;tet methylcytosine dioxygenase 2;TET2;TET2;TET2;TET2;MBD6;histone H2A;TET2;MBD6;TET2;TET2;MBD6;TET2;Tet2;TET2;MBD6;TET2,,;MESH:D009369;;MESH:D015458;;MESH:D009369
39386079,,,OMIM:256040
39442746,BDNF;BDNF,,MESH:D003866;MESH:D007029;MESH:D003866;MESH:D003866;MESH:D059445;MESH:D015430;MESH:D006984;MESH:D059445;MESH:D003866
39500555,HSPD1;HSP60;HSPD1;HSP60;HSPD1;HSPD1;HSPD1;HSP60;HSPD1,Ala536;p.Ala536Pro;p.Ala536Val;Leu47Val,MESH:C536319;MESH:C536319;MESH:D030342;MESH:D003711;MESH:D002658;;MESH:D009759;MESH:D009123;MESH:D009128;MESH:D001259;MESH:D015419;;MESH:C567390;;MESH:C536319;MESH:D003711;MESH:D009759;MESH:D014202;MESH:D009123;MESH:D009128;MESH:D001259;;MESH:D003711
39554985,DHFR,,MESH:D008288;MESH:D064420;
39654708,3CLpro;3CLpro;3CLpro;3CLpro,,MESH:D000086382;MESH:D000086382;MESH:D000086382;MESH:D000086382;MESH:D045169;MESH:D045169;MESH:D007239;MESH:D000086382
8627655,UL97;UL97;UL54;UL97;UL54,Met-460 --> Ile;Ala-594 --> Val;Leu595 --> Ser;Val-715 --> Met;Thr-700 --> Ala,MESH:D000163;MESH:D000163
8877771,HERG;ether-a-gogo-related gene;HERG;HERG;HERG,G to A transition at position 1681;alanine at codon 561;Ala561Thr;Ala561Thr,MESH:D001260;MESH:D008133;MESH:D008133;MESH:D008133;MESH:D030342;MESH:D003645;MESH:D001145;MESH:D008133;MESH:C563614;MESH:D002318
9398715,uncoupling protein 1;uncoupling protein 1;UCP1;insulin;UCP1;UCP1;insulin;UCP1;insulin;UCP1;UCP1;UCP1,,MESH:D009765;MESH:D009765;MESH:D015430;MESH:D009765;MESH:D009765;MESH:D015430;MESH:D009765;MESH:D009765;MESH:D009765;MESH:D009765;MESH:D015430;MESH:D009765;MESH:D009765
10097173,beta amyloid precursor protein;beta amyloid precursor protein;Abeta;Abeta42;Abeta;Abeta;Abeta,Val-715 --> Met;V715M;V715M;V715M,MESH:D000544;MESH:D000544;MESH:D000544;MESH:D000544;MESH:D000544
10714584,dystrophin;alpha-sarcoglycan;gamma-sarcoglycan;gamma-sarcoglycan;gamma-sarcoglycan;gamma-sarcoglycan;gamma-sarcoglycan;gamma-sarcoglycan;gamma-sarcoglycan,glycine to CGC;Cys283Tyr;Leu193Ser,MESH:C535900;MESH:D049288;MESH:C564980;MESH:D020233;MESH:D009135;MESH:D009336;MESH:C535900;MESH:C535900
11135497,rhodopsin,Ser186Pro;T-->C in codon 186;serine by a proline,MESH:D012174;MESH:D012174;MESH:D012174;MESH:D012174
11317671,UCP1;UCP1;UCP1;UCP1;UCP1;UCP1,Met229-->Leu;A-->C;Met229-->Leu;Leu229;A-->C;Met229-->Leu,MESH:D003924;MESH:D003924;MESH:D003924;MESH:D003924;MESH:D003920;MESH:D003924;MESH:D003920
12634240,TAP1;TAP2;TAP1;TAP2;TAP1;TAP2;TAP2;TAP2;TAP1;TAP2;TAP2;TAP1;TAP2;TAP2,,MESH:D008180;MESH:D008180;MESH:D008180;MESH:D008180;MESH:D008180;MESH:D008180
18769139,TRPA1;TRPA1;TRPA1;TRPA1;TRPA1;TRPA1;TRPA1;TRPA1;TRPA1;TRPA1;TRPA1,,MESH:D059787;MESH:D007249;MESH:D010146
18940664,vitamin D receptor;vitamin D receptor;VDR;beta-catenin;TCF;VDR;SRC-1;SRC-1;VDR;VDR,,MESH:D015179
20391780,capsid;C;NS3;NS1,deletion of amino acid 111;Ser1534 --> Phe;Ser917 --> Gly,MESH:D007239;MESH:D013985;MESH:D007239;MESH:D007239
21692854,prothrombin;prothrombin,p.Arg4Gln;p.Arg220Pro,MESH:D007020;MESH:D007020;MESH:D030342;MESH:C536965;MESH:D012640;MESH:D002543;MESH:D007020;MESH:D006470;MESH:D006470
21933849,GPIbalpha;GPIbalpha;GPIbbeta;GPIX;GPIBA,Ala156Val;c.515C>T,MESH:C566060;MESH:D001606;MESH:C566060;MESH:D004194;OMIM:616737;MESH:D013921;MESH:D013921;MESH:D001606;MESH:D013921;MESH:C536965;MESH:D001791;MESH:C566060
22156497,granzyme H;granzyme H;GzmH;GzmH;GzmH;GzmH;GzmH;GzmH;GzmH.;GzmH,D102N;Arg(39)-Lys,MESH:D009369;MESH:D064420
22573334,,,MESH:D014777
23286827,D-amino acid oxidase activator;DAOA;D-amino acid oxidase activator;DAOA;D-amino acid oxidase;DAOA;DAOA;DAOA;DAOA;DAOA;DAOA;DAOA;DAOA,,MESH:D012559;MESH:D012559;MESH:D019636;MESH:D009461;MESH:D012559;MESH:D012559;MESH:D012559
23706493,MYG1;MYG1;Melanocyte proliferating gene 1;C12orf10;MYG1;MYG1;MYG1;MYG1;MYG1;MYG1;MYG1;MYG1;MYG1;MYG1;MYG1;MYG1;MYG1;MYG1,-119C/G;Arg4Gln;-119C/G;rs1465073;rs1534284;rs1534283;Arg4Gln;-119C/G;4Arg;-119 GG;-119 GG;-119C/G;-119GG,MESH:D014820;MESH:D014820;MESH:D014820;MESH:D014820;MESH:D014820;MESH:D014820;MESH:D014820;MESH:D014820;MESH:D014820;MESH:D014820;MESH:D014820;MESH:D014820
23816342,COQ2;CoQ2;COQ2;CoQ2,c.326G > A;p.Ser109Asn,MESH:D004831;MESH:D002312;MESH:D009404;MESH:C564403;OMIM:607426;MESH:D030342;MESH:D009404;MESH:D012640;MESH:D002312;MESH:D009404;MESH:D012640;MESH:D002312;MESH:C564403;MESH:D011507;MESH:C564403;MESH:D005923;MESH:C564403;MESH:D004831;MESH:D002312;MESH:D009404
25837856,ATase2;ATase2;ATase2;ATase2;ATase2;PEP;PEP;ATase2;PEP,Ile-155 residue to Asn,MESH:D006130;
25916755,,,MESH:D009369
26700101,,,MESH:D000070625;MESH:D000070625
27076639,NS5;nonstructural protein 5;NS5;NS5;NS5;NS5;nonstructural protein 5;NS5;NS5;NS5,,MESH:D003715;MESH:D007239;MESH:D007239
27462358,CCM1;CCM1;CCM1;CCM1,c.940_943 del;p.Val314 Asn315delinsThrfsX3;c.535C>T;p.Arg179X,MESH:C536610;MESH:D020786;MESH:D020786;MESH:D054079;;MESH:D006261;MESH:D014839;MESH:D012640;MESH:D020786;MESH:D012640;MESH:D020787;MESH:D006391;;
28394649,ADAMTSL4;ADAMTSL4;P3H2;LEPREL1;ADAMTSL4;P3H2;ADAMTSL4;ADAMTSL4;ADAMTSL4;Thrombospondin1;TSP1;P3H2;ADAMTSL4,c.2237G>A;p.(Arg746His);c.2237G>A;p.(Arg746His);Arg746His,MESH:D004479;MESH:D004479;MESH:D004479;MESH:C537328;MESH:D008382;MESH:D008382;MESH:D008382;MESH:D004479;MESH:D004479;MESH:D004479
28858298,NAMPT;nicotinamide phosphoribosyltransferase;NAMPT;NAMPT;NAMPT;NAMPT;NAMPT;NAMPT;NAMPT;NAMPT,,MESH:D009369;MESH:D009369
28932220,Alpha-Hemolysin;alpha-hemolysin,,MESH:D001424;MESH:D001424;MESH:D006461;MESH:D006461;MESH:D013203
29588995,POLG;POLG;POLG,p.Ala467Thr,MESH:D017036;MESH:D028361;MESH:D013226;MESH:D028361;MESH:D017036;MESH:D020521;MESH:D012640;MESH:D012640;MESH:D012640;MESH:D003072;MESH:D012640;MESH:D028361
29932788,HDAC2;Histone deacetylase 2;HDAC2;HDAC1;HDAC2;HDAC3;HDAC8;HDAC2;HDAC2,,MESH:D000544;MESH:D000544
30083029,TSHR;TSH receptor;TSHR;TSHR;TSHR;TSHR;TSHR;TSHR,R109Q;R450H;Arg109Gln;Arg450His;Arg109Gln;Arg450His;Arg450His;Leu653Val,MESH:C576976;MESH:D003409;MESH:C576976;MESH:C576976;MESH:C576976;MESH:C576976;MESH:C576976
30822809,beta2GPI;beta2GPI;beta2GPI,,MESH:D016736;MESH:D016736;MESH:D013927;MESH:D016736;MESH:C531622;MESH:C531622;MESH:D016736;MESH:C531622;MESH:D013927;MESH:D016736;MESH:D013927
30998765,angiotensin-converting enzyme;Angiotensin-I converting enzyme;ACE;kallikrein;renin;ACE;ACE;ACE;ACE;ACE;ACE,,MESH:D002318
31049795,MUTYH,c.849 C > T;rs1232888774,MESH:D015179;MESH:D015179;MESH:D015179;MESH:D015179;MESH:D015179;MESH:D009369;;MESH:D009369;MESH:D000230;MESH:D002288;MESH:D015179;MESH:D015179;MESH:D015179
31623211,,serine (Ser) at position 13;S13A,MESH:D009358;MESH:D009136;MESH:D009157
33027904,,Phe397Leu;Phe397Leu;Ala448Thr;Leu393Phe;Ala448Thr;Ala448Thr;Val444 Ile,MESH:D014005
33226157,acetylcholinesterase;AChE;butyrylcholinesterase;BuChE;AChE;BuChE;AChE;BuChE;AChE;BACE1,,MESH:D000544;MESH:D000544;MESH:D000544;MESH:D000544
33244035,,,MESH:D007239
33376515,WNK4;WNK4;WNK4;WNK4;WNK4;WNK4;WNK4;WNK4;WNK4;WNK4,,MESH:D006973
34366895,tumor necrosis factor-alpha;C-C motif chemokine ligand-20;heat shock protein (HSP)-27;HSP70;CARD domain containing (NLRC)-3;NLRC5;superoxide dismutase (SOD)-1;SOD2,,MESH:D018882;MESH:D018882;MESH:D018882;MESH:D018882
34369509,HDAC2;histone deacetylase 2;HDAC2;HDAC2;HDAC8;HDAC2;HDAC8;HDAC2;HDAC8;HDAC2/8;HDAC2;HDAC8;HDAC2;HDAC8;HDAC8;HDAC2;HDAC8;HDAC2,,MESH:D006528;MESH:D006528;MESH:D006528
35038180,E1alpha;E1beta;PDHA1;PDHA1;PDHB;PDHA1;PDHB;E1alpha;E1beta;E1alpha;E1alpha;E1alpha;E1beta;E1alpha;E1alpha;E1alpha;E1alpha,,MESH:D015325;MESH:D015325;MESH:D015325
36574689,KIF5A;alpha/beta-tubulin,,MESH:D030342;MESH:D015419;MESH:D015419;MESH:D019636;MESH:D015419;MESH:D030342;MESH:D030342
36598113,PEBP1;phosphatidyl-ethanolamine binding protein1;PEBP1;PEBP1;PEBP1;Raf-1;NF-kappaB;PEBP1;IKKbeta;IkappaBalpha;NF-kappaB;NF-kappaB;PEBP1;PEBP1;PEBP1,,MESH:D003093;MESH:D003093;MESH:D003108;MESH:D003093;MESH:D007249;MESH:D007249;MESH:D003093
36678592,Acetylcholinesterase;Butyrylcholinesterase;acetylcholinesterase;AChE;butyrylcholinesterase;BuChE;cholinesterase;AChE;BuChE;AChE;BuChE;cholinesterase,,MESH:D000544;MESH:D064420;MESH:D064420;MESH:D064420
37318002,Mpro;Mpro;IL-1;IL-6;TNF-;Mpro;Mpro;GLn192;Mpro,,MESH:D000086382;MESH:D000086382
37726403,PHGDH;p53;phosphoglycerate dehydrogenase;PHGDH;p53;PHGDH;p53;AXIN;HIPK2;p53;p53;HIPK2;p53;PHGDH;p53;p53;PHGDH;PHGDH;Trp53;PHGDH;p53,R135W;V261M;T57A;T78A;T57A;R135W,MESH:D006528;MESH:D006528;MESH:D006528;MESH:D006528;MESH:D006528
37776195,DYRK2;p53;DYRK2;p53;DYRK2;DYRK2;DYRK2;p53;p53;p53;DYRK2;p53;p53;DYRK2;p53;DYRK2;p53;p53;DYRK2,,MESH:D015179;MESH:D015179;MESH:D015179;MESH:D015179;MESH:D015179;MESH:D015179;MESH:D015179;MESH:D015179;MESH:D015179
38077314,Ifih1;interferon;IFN;ifih1;ifih1;ifih1;IFN;isg15;ifih1;mavs;ikbke;Jak1;Jak2,p.Arg742His;p.Arg779His,MESH:C535607;MESH:D007249;MESH:D006969;MESH:D035583;MESH:D006969;MESH:D006969;MESH:D007249;MESH:D006969;MESH:D007249;MESH:D007249;MESH:C535607
38224024,,Ala303Thr,MESH:D014917
38579615,PHGDH;Phosphoglycerate dehydrogenase;PHGDH;PHGDH;PHGDH;PHGDH,,MESH:D063646;MESH:D009362;MESH:D009369;MESH:D009369
39551437,,,MESH:C538433;MESH:D006725;MESH:D006725
27177329,,Asp190Ala;Asp190 by alanine;Asp190Ala;Asp190;Asp190 with alanine,MESH:D007248;MESH:D064420
28343264,,Glu75;E75A;E75L;E75Q;E75L;E75Q;E75L,MESH:D010661;MESH:D010661;MESH:D010661
33222095,Adenosine Receptors A1 and A2; AR; AR; AR,A2A;A2A;A2A;A2A;A2A,MESH:D010300;MESH:D010300;MESH:D010300
39519019,Cytochrome P 450,,MESH:D006479
