rsID,gene,disease,score,association,pmid
rs580060,MRPS21,MESH:C565153,0.844,Association,34276799
rs580060,nan,MESH:C565153,0.844,Association,34276799
rs9286836,PIAS3,MESH:D006073,0.998,Positive_Correlation,36221101
rs9286836,POLR3C,MESH:D006073,0.998,Positive_Correlation,36221101
rs9286836,NUDT17,MESH:D006073,0.998,Positive_Correlation,36221101
rs9286836,MIR6736,MESH:D006073,0.998,Positive_Correlation,36221101
rs4971100,MUC1,MESH:D006073,0.998,Positive_Correlation,36221101
rs4971100,TRIM46,MESH:D006073,0.998,Positive_Correlation,36221101
rs2974935,THBS3-AS1,MESH:D006073,0.996,Positive_Correlation,36221101
rs2974935,GBA1LP,MESH:D006073,0.996,Positive_Correlation,36221101
rs2974935,MTX1,MESH:D006073,0.996,Positive_Correlation,36221101
rs2974935,THBS3,MESH:D006073,0.996,Positive_Correlation,36221101
rs10927807,AGMAT,MESH:D006073,0.997,Positive_Correlation,36221101
rs10927807,nan,MESH:D006073,0.997,Positive_Correlation,36221101
rs10927807,DNAJC16,MESH:D006073,0.997,Positive_Correlation,36221101
rs1771575,nan,MESH:D007239,0.992,Positive_Correlation,37958695
rs11165917,DPYD,MESH:D012559,0.985,Positive_Correlation,39239979
rs2504778,CD164L2,MESH:D006973,0.999,Positive_Correlation,22471352
rs2504778,CD164L2,MESH:D000075222,0.839,Positive_Correlation,22471352
rs13303010,KLHL17,MESH:D021441,0.934,Positive_Correlation,"39371158,40307206"
rs13303010,NOC2L,MESH:D021441,0.934,Positive_Correlation,"39371158,40307206"
rs2027349,nan,MESH:D006948,0.945,Association,37719141
rs2027349,VPS45,MESH:D006948,0.945,Association,37719141
rs4112788,LCE3D,MESH:D011565,0.99,Positive_Correlation,29397434
rs3829794,ABL2,MESH:D014607,0.385,Association,31747682
rs3829794,ABL2,MESH:D007249,0.941,Association,31747682
rs6689476,VAV3-AS1,MESH:D015812,0.781,Association,40234024
rs6689476,VAV3,MESH:D015812,0.781,Association,40234024
rs7519604,CASZ1,MESH:D014648,0.999,Positive_Correlation,40108671
rs2689154,nan,MESH:D013274,0.999,Negative_Correlation,28404937
rs11206226,YIPF1,MESH:D065626,0.999,Association,38365720
rs10788972,TCEANC2,MESH:D010300,0.577,Positive_Correlation,25663231
rs1058074,SERBP1,MESH:D023921,0.577,Negative_Correlation,40175693
rs1058074,SERBP1,MESH:D001778,0.997,Association,40175693
rs7546189,nan,MESH:D058186,0.932,Positive_Correlation,37273234
rs4494157,FCN3,MESH:D012214,0.992,Association,40340734
rs4494157,MAP3K6,MESH:D012214,0.992,Association,40340734
rs881640,MMEL1,MESH:D009103,0.982,Association,36991503
rs881640,nan,MESH:D009103,0.982,Association,36991503
rs881640,PRXL2B,MESH:D009103,0.982,Association,36991503
rs599021,C1orf74,MESH:C566121,0.94,Positive_Correlation,40244393
rs599021,IRF6,MESH:C566121,0.94,Positive_Correlation,40244393
rs599021,C1orf74,MESH:D002972,0.988,Positive_Correlation,40244393
rs599021,IRF6,MESH:D002972,0.988,Positive_Correlation,40244393
rs61822012,nan,MESH:D004827,0.999,Positive_Correlation,40142207
rs61822012,KCNJ10,MESH:D004827,0.999,Positive_Correlation,40142207
rs1186685,nan,MESH:D004827,0.999,Positive_Correlation,40142207
rs1186685,KCNJ10,MESH:D004827,0.999,Positive_Correlation,40142207
rs604349,MYBPHL,MESH:D009422,0.999,Positive_Correlation,38339094
rs126277,SYT14,MESH:D003865,0.729,Positive_Correlation,39966626
rs126277,SYT14,MESH:D019964,0.64,Positive_Correlation,39966626
rs126277,SYT14,MESH:D001714,0.551,Positive_Correlation,39966626
rs10493829,LRRC8C,MESH:D002289,0.781,Association,39416786
rs10493829,nan,MESH:D002289,0.781,Association,39416786
rs11579366,ANKRD35,MESH:D009369,0.999,Association,26822197
rs11579366,ANKRD35,MESH:D015464,0.981,Association,26822197
rs41294484,NSUN4,MESH:D009447,0.978,Positive_Correlation,40117665
rs3768617,LAMC1,MESH:D005642,0.815,Association,28358029
rs944082,WLS,MESH:D020388,0.987,Association,30172742
rs944082,GNG12-AS1,MESH:D020388,0.987,Association,30172742
rs944082,WLS,MESH:D003920,0.552,Association,30172742
rs944082,GNG12-AS1,MESH:D003920,0.552,Association,30172742
rs944082,WLS,MESH:D010024,0.975,Positive_Correlation,30172742
rs944082,GNG12-AS1,MESH:D010024,0.975,Positive_Correlation,30172742
rs1630250,nan,MESH:D012559,0.951,Association,37030547
rs1630250,TSNAX,MESH:D012559,0.951,Association,37030547
rs6662926,TSNAX,MESH:D012559,0.991,Association,37030547
rs10737175,nan,MESH:D006973,0.999,Positive_Correlation,23046580
rs6677719,nan,MESH:D006973,0.999,Positive_Correlation,23046580
rs11121179,RERE,MESH:D020388,0.61,Association,18597038
rs34920465,nan,MESH:D010024,0.925,Association,30661131
rs4655646,MIR3117,MESH:D015179,0.743,Positive_Correlation,40235333
rs4655646,SGIP1,MESH:D015179,0.743,Positive_Correlation,40235333
rs7512692,MIR3117,MESH:D015179,0.833,Positive_Correlation,40235333
rs7512692,SGIP1,MESH:D015179,0.833,Positive_Correlation,40235333
rs3791033,KDM4A,MESH:D009293,0.798,Positive_Correlation,34728798
rs3003211,ADSS2,MESH:D001249,0.945,Positive_Correlation,40133993
rs3003211,CATSPERE,MESH:D001249,0.945,Positive_Correlation,40133993
rs872786,GNRHR2,MESH:D004760,0.859,Association,39348862
rs872786,LIX1L-AS1,MESH:D004760,0.859,Association,39348862
rs872786,RBM8A,MESH:D004760,0.859,Association,39348862
rs4288573,ODF2L,MESH:D015179,0.995,Association,38334481
