gene,disease,score,association,pmid
MTARC1,MESH:D005355,0.995,Association,38437227
HSD11B1-AS1,MESH:D002971,0.761,Association,32408759
MRPS21,MESH:C565153,0.998,Association,34276799
MUC1,MESH:D058070,0.669,Association,36221101
MTX1,MESH:D058070,0.989,Association,36221101
MTX1,MESH:D006073,0.998,Association,36221101
DNAJC16,MESH:D006073,0.999,Association,36221101
TRIM46,MESH:D006073,0.999,Association,36221101
AGMAT,MESH:D006073,0.998,Association,36221101
TRIM46,MESH:D058070,0.992,Association,36221101
NUDT17,MESH:D006073,0.999,Association,36221101
NUDT17,MESH:D058070,0.717,Association,36221101
MUC1,MESH:D006073,0.998,Association,36221101
MSTO1,MESH:D056784,0.531,Association,37565517
FCGR2C,MESH:D007239,0.998,Association,37958695
FCGR2A,MESH:D008288,0.998,Association,37958695
FCGR3A,MESH:D007239,0.994,Association,37958695
FCGR1A,OMIM:248310,1.0,Association,37958695
FCGR2B,MESH:D007239,0.872,Association,37958695
IBA57,MESH:C565304,0.999,Association,"39227420,39408793,39779339"
IBA57,MESH:D056784,0.86,Association,"39227420,39779339"
COLGALT2,MESH:D010003,0.981,Association,"36538011,37208701"
TSEN15,MESH:D010003,0.987,Association,"36538011,37208701"
GORAB,MESH:C537799,0.999,Association,39619733
GORAB,MESH:D014188,0.825,Association,39619733
DNAJC16,MESH:D015419,0.801,Association,35282124
Egln1,MESH:D013927,1.0,Association,26047609
Egln1,MESH:D006470,0.996,Association,26047609
Egln1,MESH:C535833,1.0,Association,26047609
Egln1,MESH:D000860,1.0,Association,26047609
TSNAX,MESH:D009369,0.495,Association,36517806
UBE2Q1,MESH:D015464,1.0,Association,39454411
SASS6,MESH:C535488,1.0,Association,38501757
SASS6,MESH:D005317,1.0,Association,38501757
SASS6,MESH:C579935,1.0,Association,38501757
SASS6,MESH:D008831,1.0,Association,38501757
MIR137,MESH:D012559,1.0,Association,"25434007,39239979"
DPYD,MESH:D012559,0.999,Association,39239979
IL23R,MESH:D014607,0.999,Association,32437414
ODF2L,MESH:D014397,1.0,Association,39337460
GBP2,MESH:D000086382,0.998,Association,39337460
GBP2,MESH:D014397,0.978,Association,39337460
NEGR1,MESH:D003865,0.996,Association,32090785
SLC25A44,MESH:D060825,0.999,Association,37985223
COX20,MESH:D010523,0.999,Association,39897410
COX20,MESH:D003072,1.0,Association,39897410
COX20,MESH:D001259,0.999,Association,39897410
COX20,MESH:D030401,1.0,Association,39897410
COX20,MESH:D028361,1.0,Association,39897410
MRPS14,MESH:D007888,1.0,Association,40317698
ZYG11A,MESH:C564219,0.967,Association,"35193007,35853413"
ZYG11A,MESH:D006943,0.999,Association,"35193007,35853413"
ZYG11A,MESH:D003920,0.999,Association,"35193007,35853413"
EFCAB7,MESH:D002658,1.0,Association,39894222
EFCAB7,MESH:C580335,0.645,Association,39894222
EFCAB7,MESH:D013771,1.0,Association,39894222
FCN3,MESH:D006973,1.0,Association,22471352
FCN3,MESH:D000075222,1.0,Association,22471352
CD164L2,MESH:D000075222,0.919,Association,22471352
FCN3,MESH:D003924,1.0,Association,22471352
CD164L2,MESH:D006973,0.999,Association,22471352
DISP3,MESH:D000071243,0.837,Association,34125832
IL12RB2,MESH:D000071243,0.954,Association,34125832
MAP3K21,MESH:D009765,0.998,Association,34494379
MAP3K21,MESH:D063766,0.747,Association,34494379
MAP3K21,MESH:D018205,0.754,Association,34494379
ADAMTSL4,MESH:D030342,0.735,Association,39360343
ADAMTSL4,MESH:D004479,1.0,Association,"39278391,39360343"
ADAMTSL4,MESH:D005128,1.0,Association,39360343
ADAMTSL4,MESH:D007906,1.0,Association,39360343
FCRL3,MESH:D019698,0.982,Association,39677730
LINC00970,MESH:D005642,0.981,Association,"28358029,36736852"
ATP1B1,MESH:D005642,0.894,Association,"28358029,36736852"
IGSF21,MESH:D003930,0.999,Association,27607899
IGSF21,MESH:D003924,0.999,Association,27607899
KLHDC7A,MESH:D003930,0.994,Association,27607899
KLHDC7A,MESH:D003924,0.996,Association,27607899
PHTF1,MESH:D013967,1.0,Association,34234497
PTPN22,MESH:D013967,0.988,Association,34234497
MAGI3,MESH:D013967,0.997,Association,34234497
BCL2L15,MESH:D003922,0.999,Association,34234497
BCL2L15,MESH:D013967,0.998,Association,34234497
PHTF1,MESH:D003922,0.994,Association,"34234497,34521982"
MAGI3,MESH:D003922,0.999,Association,34234497
PTPN22,MESH:D003922,0.999,Association,34234497
MTHFR,MESH:D020329,0.995,Association,32775018
TARS2,MESH:D011472,0.999,Association,35708078
FAM229A,MESH:D011472,0.998,Association,35708078
FAM229A,MESH:D009362,0.489,Association,35708078
TARS2,MESH:D009362,0.972,Association,35708078
PIGK,MESH:D009123,0.999,Association,39521780
PIGK,MESH:D002526,0.999,Association,39521780
Pigk,OMIM:610293,0.992,Association,39521780
PIGK,OMIM:610293,1.0,Association,39521780
PIGK,MESH:D002658,0.999,Association,39521780
Fam43b,MESH:D009369,0.999,Association,40098664
FMO3,MESH:D014029,0.999,Association,28413702
FMO6P,MESH:D014029,0.833,Association,28413702
FMO1,MESH:D014029,0.998,Association,28413702
PLXNA2,MESH:D000067877,0.986,Association,33749153
LRRC40,MESH:D000067877,0.989,Association,33749153
CCDC28B,MESH:D017074,0.997,Association,34294890
MRPL55,MESH:D010051,1.0,Association,35163645
MRPL55,MESH:D009369,0.954,Association,35163645
GBP5,MESH:D010051,1.0,Association,35163645
PRDM2,MESH:D012559,0.998,Association,39202552
KAZN,MESH:D012559,0.882,Association,39202552
FNBP1L,MESH:D008060,0.888,Association,39318439
MGC27382,MESH:D012878,0.754,Association,35018451
GIPC2,MESH:D015212,0.956,Association,35018451
PTPN22,MESH:D015212,0.998,Association,35018451
PTPN22,MESH:D012878,0.993,Association,35018451
MGC27382,MESH:D015212,0.749,Association,35018451
GIPC2,MESH:D012878,0.946,Association,35018451
EFNA1,MESH:D008107,0.759,Association,40304567
EFNA1,MESH:D008103,1.0,Association,40304567
GDAP2,MESH:D000544,1.0,Association,39867396
EMC1,MESH:D012600,1.0,Association,40150819
EMC1,MESH:D005885,1.0,Association,40150819
KLHL17,MESH:D007249,0.862,Negative_Correlation,40307206
KLHL17,MESH:D010190,0.998,Association,40307206
KLHL17,MESH:D021441,1.0,Association,"39371158,40307206"
RFX5,MESH:D001943,1.0,Association,40356407
SYPL2,MESH:D015179,0.999,Association,36438706
SYPL2,MESH:D008207,0.999,Association,36438706
VPS45,MESH:D006948,0.945,Association,37719141
B3GALNT2,MESH:D058494,1.0,Association,38585583
B3GALNT2,MESH:D004677,1.0,Association,38585583
B3GALNT2,MESH:D009436,1.0,Association,38585583
PTPRU,MESH:D000092202,0.852,Association,40002435
PTPRU,MESH:D019966,0.998,Association,40002435
PTPRU,OMIM:603663,0.907,Association,40002435
PTPRU,MESH:D001007,0.999,Association,40002435
PTPRU,MESH:D003866,0.999,Association,40002435
KCND3,MESH:C537198,0.999,Association,40140957
CASQ2,MESH:C536334,1.0,Association,40331653
CASQ2,MESH:D017180,1.0,Association,40331653
CASQ2,MESH:D006331,0.91,Association,40331653
CASQ2,MESH:D013575,1.0,Association,40331653
CASQ2,MESH:D016757,0.512,Association,40331653
FCER1A,MESH:D001943,0.999,Association,19372141
OR10J3,MESH:D001943,0.673,Association,19372141
SLC35D1,MESH:C535858,1.0,Association,38058750
LCE3D,MESH:D011565,0.999,Association,29397434
LCE1C,MESH:D011565,0.999,Association,29397434
LCE3A,MESH:D011565,0.998,Association,29397434
LCE1B,MESH:D011565,0.999,Association,29397434
TOR1AIP2,MESH:D020820,1.0,Association,40088780
TOR1AIP2,MESH:D004421,1.0,Association,40088780
TOR1AIP2,MESH:D013132,0.996,Association,40088780
CLDN19,MESH:C537153,0.901,Association,40173198
GALNT2,MESH:D015179,0.996,Association,40207991
ABL2,MESH:D014607,0.385,Association,31747682
ABL2,MESH:D007249,0.941,Association,31747682
GJA8,MESH:D002386,1.0,Association,"40158616,40301690"
GJA8,MESH:C564596,1.0,Association,40158616
VAV3,MESH:D015812,0.787,Association,40234024
TAL1,MESH:D000740,0.767,Association,"36809789,40293138"
LCE3C,MESH:D011565,1.0,Association,37805522
PARS2,MESH:D009202,1.0,Association,"37956963,39253392"
PARS2,MESH:D020739,0.986,Association,39253392
PARS2,MESH:C562695,1.0,Association,39253392
PARS2,MESH:D006333,1.0,Association,39253392
RGS7,MESH:D015228,1.0,Association,39662927
LAMB3,MESH:D016109,1.0,Association,40100311
LAMB3,MESH:D004820,0.891,Association,40100311
MIR3658,MESH:D006973,1.0,Association,36926053
MIR3658,MESH:D000086382,1.0,Association,36926053
HIPK1,MESH:D001171,0.995,Association,40083163
PHTF1,MESH:D001171,0.926,Association,40083163
RBMXL1,MESH:D000077192,0.997,Association,36453714
CASZ1,MESH:D014648,1.0,Association,40108671
GPR37L1,MESH:D001714,0.999,Association,38161273
ELF3,MESH:D001714,0.999,Association,38161273
ARL8A,MESH:D001714,0.999,Association,38161273
TBCE,MESH:C537021,0.999,Association,"39657131,39911167,39932783"
TBCE,MESH:C537020,0.967,Association,39911167
WRAP73,MESH:C563255,0.989,Association,33693649
WRAP73,MESH:D000013,0.565,Association,33693649
OR2G2,MESH:D019966,0.956,Association,36297015
MYOC,MESH:D005902,1.0,Association,"40093141,40280414"
MIPEPP2,MESH:D013274,0.98,Negative_Correlation,28404937
PHTF1,MESH:D009202,0.996,Association,33288658
MAGI3,MESH:D009202,0.999,Association,33288658
AP4B1,MESH:D003922,0.815,Association,34521982
MTHFR,MESH:D006973,0.853,Association,35346016
NBPF3,MESH:D009447,0.961,Association,35346016
MTHFR,MESH:D002318,0.739,Association,35346016
ZNF362,MESH:D015452,0.999,Association,37120350
PBX1,MESH:D015452,0.999,Association,37120350
MEF2D,MESH:D015452,0.997,Association,37120350
TGFB2,MESH:D015179,1.0,Association,38106038
TGFB2,MESH:D011471,0.552,Association,38106038
TMEM59,MESH:D065626,1.0,Association,38365720
DIO1,MESH:D065626,1.0,Association,38365720
LDLRAD1,MESH:D065626,1.0,Association,38365720
DHCR24,MESH:D065626,1.0,Association,38365720
YIPF1,MESH:D065626,0.999,Association,38365720
SEC16B,MESH:D004342,0.988,Association,40119746
OR2B11,MESH:D007249,0.826,Association,24295199
OR2B11,MESH:D001171,0.998,Association,24295199
TCEANC2,MESH:D010300,0.577,Association,25663231
TMEM59,MESH:D010300,0.899,Association,25663231
NBPF10,MESH:D004393,0.995,Association,32304364
NBPF10,OMIM:217095,0.999,Association,32304364
NBPF20,MESH:D004393,0.738,Association,32304364
NBPF20,OMIM:217095,0.842,Association,32304364
MTHFR,MESH:D056486,0.988,Association,36708065
RAVER2,MESH:D056486,0.991,Association,36708065
AP4B1-AS1,MESH:D056486,0.974,Association,36708065
JAK1,MESH:D056486,0.989,Association,36708065
MIR3117,MESH:D001943,0.972,Association,37780804
ERICH3,MESH:D003866,0.946,Association,35878676
CFAP57,MESH:D000015,0.86,Association,36752199
CFAP57,MESH:D000013,1.0,Association,36752199
CFAP57,MESH:D007248,0.995,Association,36752199
Cfap57,MESH:D007248,1.0,Association,36752199
ZC3H11B,MESH:D015858,0.599,Association,37266952
PTCH2,MESH:D008527,0.996,Association,39816537
GPR161,MESH:D008527,0.987,Association,39816537
IL10,MESH:D001261,0.948,Association,34089082
IL10,OMIM:162000,0.958,Association,34089082
AGTRAP,MESH:D001261,0.993,Association,34089082
SWT1,OMIM:162000,0.972,Association,34089082
SWT1,MESH:D001261,0.954,Association,34089082
AGTRAP,OMIM:162000,0.986,Association,34089082
HES2,MESH:D001261,0.989,Association,34089082
AGTRAP,MESH:D058186,0.547,Association,34089082
HES2,OMIM:162000,0.949,Association,34089082
MIR6741,MESH:D058186,0.954,Association,34089082
MIR6741,MESH:D051436,0.621,Association,34089082
MIR6741,MESH:D007674,0.379,Association,34089082
KCNT2,MESH:D010146,1.0,Association,39471050
CRP,MESH:D009437,0.97,Association,39471050
LHX8,MESH:D009437,0.999,Association,39471050
CRP,MESH:D003929,0.657,Association,39471050
KCNT2,MESH:D009437,0.997,Association,39471050
KCNT2,MESH:D003929,0.62,Association,39471050
LYST,MESH:D010300,0.981,Association,39503264
MIR1537,MESH:D010300,0.995,Association,39503264
GCSAML,MESH:D014581,0.999,Association,37430141
NUP133,MESH:D051437,0.984,Association,39814977
NUP133,MESH:D009404,0.997,Association,39814977
NOS1AP,MESH:D008133,1.0,Association,39930683
NOS1AP,MESH:D012559,1.0,Association,39930683
NOS1AP,MESH:D002318,1.0,Association,39930683
SLC19A2,MESH:D000749,0.959,Association,40220483
SLC19A2,MESH:C536510,0.999,Association,40220483
SLC19A2,MESH:D006319,0.975,Association,40220483
SLC19A2,MESH:D003920,0.999,Association,40220483
SLC35E2B,MESH:D009216,0.989,Association,33711669
DBT,MESH:D009216,1.0,Association,33711669
SNRNP40,MESH:C563032,1.0,Association,37054626
ZNF648,MESH:D003924,0.999,Association,37546893
CACNA1E,MESH:D002318,0.999,Association,37546893
CACNA1E,MESH:D003924,0.999,Association,37546893
ZNF648,MESH:D002318,0.959,Association,37546893
MCOLN3,MESH:D006929,0.999,Association,39484451
MCOLN3,OMIM:617027,1.0,Association,39484451
MSH4,MESH:D007248,0.996,Association,39843174
MYOC,MESH:D005901,0.814,Association,40280414
FAM163A,MESH:D009216,0.936,Association,37524447
IBA57,MESH:D010264,0.982,Association,39227420
IBA57,MESH:D020336,0.999,Association,39227420
IBA57,MESH:D014786,0.702,Association,39227420
IBA57,MESH:D028361,1.0,Association,39227420
IBA57,MESH:D010523,0.999,Association,39227420
ADAMTSL4,MESH:D005124,1.0,Association,39278391
ADAMTSL4,MESH:D007905,1.0,Association,39278391
NR0B2,MESH:D056730,0.811,Association,39720245
JUN,MESH:D013964,0.998,Association,40092686
JUN,MESH:D009369,0.996,Negative_Correlation,40092686
RAP1GAP,MESH:D013964,0.932,Association,40092686
ATP1A1,MESH:D046088,1.0,Association,40302475
ATP1A1,MESH:D006929,0.996,Association,40302475
CSMD2,MESH:D004387,1.0,Association,39570219
OBSCN,MESH:D063806,0.911,Association,40186404
OBSCN,MESH:D009202,1.0,Association,40186404
OBSCN,MESH:D012206,1.0,Association,40186404
OBSCN,MESH:D030342,0.999,Association,40186404
NADK,MESH:D007676,1.0,Association,29989002
NADK,MESH:D003924,0.761,Association,29989002
PLEKHN1,MESH:D003924,0.914,Association,29989002
PLEKHN1,MESH:D007676,0.999,Association,29989002
RGS21,MESH:D000092562,0.788,Association,31137020
ZNF644,MESH:D009216,0.82,Association,"35002215,36964802"
AGRN,MESH:D009216,0.952,Association,35002215
MICOS10,OMIM:300972,0.992,Association,39510533
MICOS10,OMIM:251880,0.578,Association,39510533
MICOS10,MESH:D028361,0.902,Association,39510533
PRPF3,MESH:D012174,0.999,Association,39830270
PRPF3,MESH:D002658,0.872,Association,39830270
NPHP4,MESH:D016104,1.0,Association,39877340
NPHP4,MESH:D007674,1.0,Association,39877340
NPHP4,MESH:D012779,0.999,Association,39877340
SERBP1,MESH:D023921,0.986,Association,40175693
SERBP1,MESH:D017202,1.0,Association,40175693
SERBP1,MESH:D054059,0.999,Association,40175693
SERBP1,MESH:D001778,1.0,Association,40175693
SERBP1,MESH:D003324,0.998,Negative_Correlation,40175693
SERBP1,MESH:D050197,1.0,Association,40175693
NADK,MESH:D009369,0.999,Association,40330153
NADK,MESH:D008175,1.0,Association,40330153
MIR137HG,MESH:C535833,0.999,Association,39439230
EIF2B3,MESH:D056784,0.995,Association,39677130
MIR3117,MESH:D029424,0.998,Association,40074049
THBS3,MESH:D000086382,0.951,Association,"39175753,39344392"
THBS3,MESH:D009765,0.931,Association,39344392
CDC14A,MESH:D034381,0.803,Association,39809934
CDC14A,MESH:C566545,0.472,Association,39809934
TLR5,MESH:D058186,0.999,Association,37273234
DISP1,MESH:D058186,1.0,Association,37273234
PTCH2,MESH:D005910,0.999,Association,39800815
DENND2D,MESH:D011471,0.99,Negative_Correlation,39857609
LINC01142,MESH:D001281,1.0,Association,29050564
TARS2,MESH:D004827,0.999,Association,39394138
TARS2,MESH:D001927,0.997,Association,39394138
TARS2,MESH:D011596,0.971,Association,39394138
TARS2,OMIM:615918,1.0,Association,"38482264,39394138"
TARS2,MESH:D008599,0.999,Association,39394138
TARS2,MESH:D017237,1.0,Association,"38482264,39394138"
TARS2,MESH:D000013,0.999,Association,39394138
GON4L,MESH:D019465,0.918,Association,39500882
GON4L,MESH:D001927,1.0,Association,39500882
Gon4l,MESH:D002658,0.958,Association,39500882
Gon4l,MESH:D008831,0.997,Association,39500882
GON4L,MESH:D008831,1.0,Association,39500882
GON4L,MESH:D002658,1.0,Association,39500882
GON4L,MESH:D012857,1.0,Association,39500882
Gon4l,MESH:D001927,0.971,Association,39500882
GON4L,MESH:D006130,1.0,Association,39500882
CD1A,MESH:D054740,0.506,Negative_Correlation,39361706
HMCN1,MESH:D001943,0.999,Association,39684297
NEGR1,MESH:D003924,0.997,Association,40141237
FOXD2,MESH:D003924,0.998,Association,40141237
SMG7,MESH:D020233,1.0,Association,39765181
LAMC1,MESH:D020233,1.0,Association,39765181
NCF2,MESH:D020233,1.0,Association,39765181
ARPC5,MESH:D020233,1.0,Association,39765181
OR2L13,MESH:D013313,0.999,Association,28262088
OR11L1,MESH:D013313,0.999,Association,28262088
MIA3,MESH:D003811,0.737,Association,40119123
MIA3,MESH:D006331,0.716,Association,40119123
MIA3,MESH:D034381,0.999,Association,40119123
MIA3,MESH:C535792,1.0,Association,40119123
MIA3,MESH:C535858,1.0,Association,40119123
MIA3,MESH:D008607,1.0,Association,40119123
MIA3,MESH:D003922,1.0,Association,40119123
MIA3,MESH:D009765,1.0,Association,40119123
MIA3,MESH:D015160,1.0,Association,40119123
MIA3,MESH:D009140,1.0,Association,40119123
SZT2,MESH:D001927,1.0,Association,38134649
SZT2,MESH:D000077733,0.991,Association,38134649
SZT2,MESH:C562695,0.999,Association,38134649
SZT2,MESH:D000067877,0.959,Association,38134649
SZT2,MESH:D012640,0.999,Association,38134649
SZT2,MESH:D002658,0.996,Association,38134649
SZT2,MESH:D003389,0.677,Association,38134649
SZT2,MESH:C565406,0.999,Association,38134649
SZT2,MESH:D009123,0.378,Association,38134649
SZT2,MESH:D006849,0.77,Association,38134649
SZT2,MESH:D000080485,0.608,Association,38134649
SZT2,MESH:D005153,0.86,Association,38134649
SZT2,MESH:D001037,0.597,Association,38134649
KCNN3,MESH:C536725,1.0,Association,40358131
KCNN3,MESH:D013285,0.785,Association,40358131
KCNN3,MESH:C564553,0.991,Association,40358131
TAF1A,MESH:D002313,1.0,Association,39209150
TAF1A,MESH:D009202,1.0,Association,39209150
TAF1A,MESH:D020821,1.0,Association,39209150
TAF1A,MESH:D000081207,0.528,Association,39209150
DNAJB4,MESH:D006258,0.999,Association,39483874
DNAJB4,MESH:C535683,0.999,Association,39483874
DNAJB4,MESH:D012131,0.999,Association,39483874
DNAJB4,MESH:D018908,0.99,Association,39483874
DNAJB4,MESH:D009127,0.999,Association,39483874
DNAJB4,MESH:D009135,1.0,Association,39483874
DHDDS,MESH:D001284,1.0,Association,39576357
DHDDS,MESH:D001321,1.0,Association,39576357
DHDDS,MESH:D010302,1.0,Association,39576357
DHDDS,MESH:D001259,1.0,Association,39576357
DHDDS,MESH:D004421,1.0,Association,39576357
DHDDS,MESH:D004827,1.0,Association,39576357
DHDDS,MESH:D002658,1.0,Association,39576357
PTGFR,MESH:D015814,0.645,Association,40142989
VAV3,MESH:D006973,0.999,Association,32540412
VAV3-AS1,MESH:D006973,0.999,Association,32540412
AGBL4,MESH:D006973,0.999,Association,32540412
H3-3A,MESH:D005910,1.0,Association,40241149
SERPINC1,MESH:D020152,1.0,Association,40339963
SERPINC1,MESH:D054556,1.0,Association,40339963
FCN3,MESH:D012214,0.963,Association,40340734
MIR4421,MESH:D009959,0.567,Association,33046743
MIR4421,MESH:D014060,0.999,Association,33046743
MIR4421,MESH:D063646,0.967,Association,33046743
OR2W3,MESH:D005901,0.997,Association,36982708
MMEL1,MESH:D009103,0.97,Association,36991503
MIR548AC,MESH:D009103,0.97,Association,36991503
HES2,MESH:D020234,0.992,Association,38072719
HES2,MESH:D010300,0.999,Association,38072719
CYP4A22,MESH:C562794,0.999,Association,39714216
CYP4A22,MESH:D053098,0.965,Association,39714216
INPP5B,MESH:D059350,0.993,Association,39934103
INPP5B,MESH:D010146,0.886,Association,39934103
IRF6,MESH:C566121,0.999,Association,"40185345,40244393"
IRF6,MESH:D002971,1.0,Association,"40185345,40244393"
IRF6,MESH:D002972,1.0,Association,"40185345,40244393"
SPRR3,MESH:D004485,0.998,Association,21490620
LCE1D,MESH:D004485,0.977,Association,21490620
FLG2,MESH:D004485,0.998,Association,21490620
S100A3,MESH:D004485,0.97,Association,21490620
TMEM53,MESH:D006969,1.0,Association,39901041
TMEM53,MESH:C537519,0.999,Association,39901041
RGS7,MESH:D010051,0.999,Association,40032058
RGS7,MESH:D014647,0.65,Association,40032058
F3,MESH:D014647,0.589,Association,40032058
F3,MESH:D054556,0.858,Association,40032058
F3,MESH:D010051,0.993,Association,40032058
RGS7,MESH:D054556,0.967,Association,40032058
MACF1,MESH:D034381,1.0,Association,40001331
MACF1,MESH:C537845,0.999,Association,40001331
CELA3B,MESH:D007249,0.998,Association,31832568
TDRD10,MESH:D007249,0.774,Association,31832568
CELA3B,MESH:D065626,1.0,Association,31832568
CELA3B,MESH:D011537,0.801,Association,31832568
TDRD10,MESH:D065626,0.999,Association,31832568
CHRNB2,MESH:D065626,0.978,Association,31832568
LYPLAL1,MESH:D009765,1.0,Association,38267387
KCNJ10,MESH:D004827,0.996,Association,40142207
MYBPHL,MESH:D009422,0.997,Association,38339094
LORICRIN,MESH:D004403,1.0,Association,38524222
LORICRIN,MESH:D003967,0.93,Association,38524222
HCRTR1,MESH:D012893,1.0,Association,40046196
HCRTR1,MESH:D008881,1.0,Association,40046196
ACADM,MESH:C536038,0.594,Negative_Correlation,40199742
ITLN1,MESH:D008659,0.569,Association,40277071
ITLN1,MESH:D002318,0.998,Association,40277071
ITLN1,MESH:D009765,0.999,Association,40277071
ITLN1,MESH:D050197,0.576,Association,40277071
SYT14,MESH:D019964,1.0,Association,39966626
SYT14,MESH:D003866,0.932,Association,39966626
SYT14,MESH:D001714,0.993,Association,"34947986,39966626"
SYT14,MESH:D003865,0.955,Association,39966626
SYT14,MESH:D006948,0.992,Association,39966626
OR13G1,MESH:D051436,0.999,Association,19056482
LRRC8C,MESH:D002289,0.999,Association,39416786
RAP1A,MESH:D001281,1.0,Association,40036802
RAP1A,MESH:D005355,1.0,Association,40036802
SLC30A7,MESH:D010198,0.992,Association,40286389
SLC30A7,MESH:D013577,0.999,Association,40286389
SLC30A7,MESH:D000080984,1.0,Association,40286389
VPS13D,MESH:D002658,0.741,Association,39814591
VPS13D,MESH:D001259,0.97,Association,39814591
VPS13D,MESH:D004421,0.982,Association,39814591
VPS13D,MESH:D004827,0.849,Association,39814591
VPS13D,MESH:D019973,1.0,Association,39814591
VPS13D,MESH:D000014,0.644,Association,39814591
RPL7P9,MESH:D009765,0.999,Association,26401715
EEF1A1P11,MESH:D003924,1.0,Association,26401715
EEF1A1P11,MESH:D009765,0.999,Association,26401715
EEF1A1P11,MESH:D050177,0.999,Association,26401715
RPL7P9,MESH:D050177,0.999,Association,26401715
RPL7P9,MESH:D003924,1.0,Association,26401715
SMAP2,MESH:D000544,0.92,Association,37260021
HTR1D,MESH:C536228,0.976,Association,39888244
HTR1D,MESH:D003866,1.0,Association,39888244
KCTD3,MESH:D001927,1.0,Association,37550298
KCTD3,MESH:D024182,0.968,Association,37550298
NCMAP,MESH:D006470,0.945,Association,37203300
GJA8,MESH:D005124,1.0,Association,40301690
GJA8,MESH:D007905,0.998,Association,40301690
GJA8,MESH:D002658,0.896,Association,40301690
GJA8,MESH:D008850,1.0,Association,40301690
GJA8,MESH:D001035,1.0,Association,40301690
GJA8,MESH:D000853,0.988,Association,40301690
GJA8,MESH:D003103,0.967,Association,40301690
GJA8,MESH:D005128,1.0,Association,40301690
PRAMEF9,MESH:D009369,0.999,Association,27240091
MIR9-1,MESH:D003643,0.997,Association,35163224
MIR9-1,MESH:D010051,0.999,Association,35163224
MIR137,MESH:D009369,0.664,Association,35163224
MIR9-1,MESH:D010538,1.0,Association,35163224
MIR9-1,MESH:D009369,0.913,Association,35163224
MIR137,MESH:D010051,0.999,Association,35163224
MIR137,MESH:D010538,0.984,Association,35163224
RAB7B,MESH:D020371,0.999,Association,39280331
FAM89A,MESH:D014777,0.999,Association,36451823
FAM89A,MESH:D000071072,0.999,Association,36451823
TBX19,MESH:D000077192,0.996,Association,36999050
ANKRD36BP1,MESH:D000077192,0.999,Association,36999050
GBP4,MESH:D017114,1.0,Association,39868816
GBP4,MESH:D007249,1.0,Association,39868816
PRUNE1,MESH:D002658,1.0,Association,40110277
PRUNE1,MESH:C567101,1.0,Association,40110277
PRUNE1,MESH:D059246,0.929,Association,40110277
PRUNE1,MESH:D008831,1.0,Association,40110277
PRUNE1,MESH:D003286,0.82,Association,40110277
Fbxo42,MESH:D009369,0.999,Association,38580884
TNNI3K,MESH:D009202,1.0,Association,40134720
TNNI3K,MESH:D020388,0.997,Association,40134720
TNNI3K,MESH:D006333,0.992,Association,40134720
ANKRD35,MESH:D009369,0.999,Association,26822197
ANKRD35,MESH:D015464,0.788,Association,26822197
FCGR2A,MESH:C000705967,1.0,Association,40214943
FCGR2A,MESH:D007249,0.999,Association,40214943
FCGR2A,MESH:D006331,0.995,Association,40214943
FCGR2A,MESH:D003141,0.999,Association,40214943
PRPF38A,MESH:D001847,0.71,Association,33397451
PRPF38A,MESH:D050723,0.656,Association,33397451
SLC35D1,MESH:D019568,0.999,Association,35934917
SLC35D1,MESH:D056304,0.668,Association,35934917
SLC35D1,MESH:D030342,0.962,Association,35934917
SLC35D1,MESH:D013896,1.0,Association,35934917
SLC35D1,MESH:C536637,0.998,Association,35934917
HENMT1,MESH:D053713,0.522,Association,39318356
HENMT1,MESH:D007248,1.0,Association,39318356
SPATA17,MESH:D007248,0.541,Association,39686771
SPAG17,MESH:C535850,0.944,Association,39686771
SPAG17,MESH:D007248,1.0,Association,39686771
PADI6,MESH:D009373,1.0,Association,39887367
PPP1R15B,MESH:D008607,0.998,Association,38159565
PPP1R15B,MESH:D008831,0.972,Association,38159565
PPP1R15B,MESH:D002658,0.992,Association,38159565
P3H1,MESH:D030342,0.964,Association,40206966
P3H1,MESH:C535752,1.0,Association,40206966
P3H1,MESH:D018191,0.987,Association,40206966
P3H1,MESH:C536049,1.0,Association,40206966
CLCA2,OMIM:113900,0.998,Association,27220576
CLCA2,MESH:D000075224,0.738,Association,27220576
LMNA,OMIM:113900,0.979,Association,27220576
LMNA,MESH:D000075224,0.904,Association,27220576
CLCA3P,OMIM:113900,0.636,Association,27220576
PRPF3,MESH:D012164,0.998,Association,39795970
NMNAT1,MESH:D012164,0.492,Association,39795970
LELP1,MESH:D003876,0.977,Association,35452922
FLG,MESH:D003876,0.97,Association,35452922
LINC01343,MESH:D056887,0.844,Association,37040585
PADI6,MESH:D007247,1.0,Association,39644447
PADI6,MESH:D020964,1.0,Association,39644447
PHTF1,MESH:D001172,1.0,Association,33740106
RSBN1,MESH:D020388,0.999,Association,33740106
PHTF1,MESH:D014390,1.0,Association,33740106
PTPN22,MESH:D020388,1.0,Association,33740106
RSBN1,MESH:D001172,0.999,Association,33740106
PHTF1,MESH:D020388,1.0,Association,33740106
RSBN1,MESH:D014390,0.999,Association,33740106
PTPN22,MESH:D001172,1.0,Association,33740106
MAGI3,MESH:D014390,1.0,Association,33740106
PTPN22,MESH:D014390,0.999,Association,33740106
MAGI3,MESH:D020388,1.0,Association,33740106
MAGI3,MESH:D001172,1.0,Association,33740106
CLCC1,MESH:D012174,1.0,Association,38621504
CLCC1,MESH:D012164,0.76,Association,38621504
RGS18,MESH:D006470,1.0,Association,39454878
RGS18,MESH:D001791,1.0,Association,39454878
RGS18,MESH:D030342,0.713,Association,39454878
PBXIP1,MESH:D003638,0.999,Association,39786576
PBXIP1,MESH:D015834,0.998,Association,39786576
FBXO6,MESH:D000090303,0.978,Association,35713327
FBXO44,MESH:D000090303,0.895,Association,35713327
AGTRAP,MESH:D000090303,0.985,Association,35713327
FBXO2,MESH:D000090303,0.991,Association,35713327
DRAXIN,MESH:D000090303,0.988,Association,35713327
MAD2L2,MESH:D000090303,0.988,Association,35713327
NSUN4,MESH:D063646,1.0,Association,40117665
NSUN4,MESH:D009447,1.0,Association,40117665
NSUN4,MESH:D008479,0.999,Association,40117665
NSUN4,MESH:D009369,0.769,Association,40117665
MIR137,MESH:D001714,1.0,Association,25434007
MIR137,MESH:D009447,1.0,Association,25434007
MIR2682,MESH:D001714,1.0,Association,25434007
MIR2682,MESH:D009447,1.0,Association,25434007
MIR2682,MESH:D012559,1.0,Association,25434007
LAMC1,MESH:D005642,0.907,Association,28358029
KANK4,MESH:D005642,0.917,Association,28358029
PINK1,MESH:D010300,1.0,Association,"37264311,40282414"
COA7,MESH:D010302,0.998,Association,"37264311,37750949"
COA7,MESH:C537308,1.0,Association,37264311
PIGV,MESH:D009135,0.976,Association,37372388
PIGV,MESH:D054559,0.982,Association,37372388
PIGV,MESH:C535432,0.966,Association,37372388
PIGV,MESH:D018981,0.76,Association,37372388
PIGV,MESH:C565495,0.999,Association,37372388
PIGV,MESH:D001289,0.979,Association,37372388
PIGV,MESH:D000067877,0.652,Association,37372388
PIGV,MESH:D012678,0.964,Association,37372388
PIGV,MESH:D001523,0.812,Association,37372388
PGBP,MESH:D020388,1.0,Association,30172742
PGBP,MESH:D010024,0.999,Association,30172742
GNG12,MESH:D020388,1.0,Association,30172742
GNG12,MESH:D010024,0.997,Association,30172742
GNG12-AS1,MESH:D020388,0.987,Association,30172742
GNG12-AS1,MESH:D003920,0.552,Association,30172742
GNG12-AS1,MESH:D010024,0.975,Association,30172742
SPAG17,MESH:D007246,1.0,Association,40330001
CLCNKB,MESH:C537653,0.999,Association,"37516009,39405114"
CLCNKB,MESH:D001477,0.99,Association,37516009
CLCNKB,MESH:C537652,1.0,Association,37516009
DCLRE1B,MESH:D002292,1.0,Association,38430974
Tbx15,MESH:D056128,1.0,Association,39515300
TBX15,MESH:D056128,0.926,Association,39515300
TBX15,MESH:D006984,0.711,Association,39515300
DEGS1,MESH:C566580,1.0,Association,40297416
DEGS1,MESH:C536319,0.999,Association,40297416
SLC30A10,MESH:D051346,1.0,Association,40061727
SLC30A10,MESH:C538006,0.997,Association,40061727
SLC30A10,MESH:D009461,0.995,Association,40061727
KCNQ4,MESH:C580334,1.0,Association,40052770
KCNQ4,MESH:D034381,0.995,Association,"40052770,40178561"
KCNQ4,MESH:C537845,0.998,Association,"40052770,40178561"
KCNQ4,MESH:D006316,0.999,Association,40052770
TSNAX,MESH:D012559,0.973,Association,37030547
FAM110D,MESH:D006973,0.999,Association,33621312
EFCAB7,MESH:C562429,1.0,Association,37684519
SMG7,MESH:D014929,0.552,Association,39520565
DHDDS,MESH:D012174,0.992,Association,39868263
DHDDS,MESH:C537612,0.999,Association,39868263
Dhdds,MESH:C537612,0.999,Association,39868263
Dhdds,MESH:D012174,0.999,Association,39868263
Dhdds,MESH:D012164,1.0,Association,39868263
DHDDS,MESH:D012162,0.997,Association,"38256083,39868263"
Dhdds,MESH:D012162,0.997,Association,39868263
RNF186,MESH:D003093,0.732,Association,"40230421,40328563"
EDARADD,MESH:D004476,0.999,Association,40354009
EDARADD,MESH:D000848,0.879,Association,40354009
EDARADD,OMIM:614149,1.0,Association,40354009
MTHFR,MESH:D059786,0.753,Association,31737664
MTHFR,MESH:D054198,0.993,Association,31737664
OPRD1,MESH:D019966,0.998,Association,40348002
OPRD1,MESH:C564883,0.998,Association,40348002
OPRD1,MESH:D007174,0.923,Association,40348002
TRIM33,MESH:D010300,0.999,Association,39711511
TRIM33,MESH:D020961,0.999,Association,39711511
RPL31P11,MESH:D029424,0.903,Association,25241909
RPL31P11,MESH:D029481,0.998,Association,25241909
TSACC,MESH:D013734,0.778,Negative_Correlation,31671693
GJB4,MESH:D056266,1.0,Association,39817844
GJB4,MESH:D012871,1.0,Association,39817844
SVBP,MESH:D016472,1.0,Association,39412222
SVBP,MESH:D015419,1.0,Association,39412222
SVBP,MESH:D008607,1.0,Association,39412222
SVBP,MESH:D001072,0.999,Association,39412222
SVBP,MESH:D010523,0.999,Association,39412222
FCGR2C,MESH:D007249,0.721,Association,39684939
ADORA1,MESH:D015535,0.916,Association,39684939
FCGR2C,MESH:D012595,0.999,Association,39684939
ADORA1,MESH:D012595,0.999,Association,39684939
FCGR2C,MESH:D015535,0.995,Association,39684939
FCGR2C,MESH:D003876,0.968,Association,39684939
ELOVL1,MESH:D011537,1.0,Association,40070030
ELOVL1,MESH:C535878,1.0,Association,40070030
NEXN,MESH:D018487,0.985,Association,40161564
NEXN,MESH:D006333,1.0,Association,40161564
NEXN,MESH:D009202,0.999,Association,40161564
NEXN,MESH:D002311,1.0,Association,40161564
MIR30E,MESH:D000544,0.998,Association,40223253
NFYC,MESH:D000544,0.712,Association,40223253
ATP13A2,MESH:D010300,1.0,Association,40282414
DPM3,MESH:D019042,1.0,Association,35932216
DPM3,MESH:D009202,0.849,Association,35932216
DPM3,MESH:D008607,0.79,Association,35932216
DPM3,MESH:D012640,0.806,Association,35932216
DPM3,MESH:D056784,0.727,Association,35932216
DPM3,MESH:D058494,0.998,Association,35932216
DPM3,MESH:D009135,1.0,Association,35932216
TBX19,MESH:C562707,1.0,Association,39776042
OR13G1,MESH:D003327,0.992,Association,18599554
CYB5RL,MESH:D044483,0.839,Association,30018743
ETV3L,MESH:D009103,0.998,Association,27454520
TMEM240,MESH:D001259,1.0,Association,39340213
TMEM240,MESH:D002658,1.0,Association,39340213
TMEM240,MESH:C537200,1.0,Association,"38617829,39340213"
TMEM240,MESH:D003072,1.0,Association,39340213
TMEM240,MESH:D014202,0.994,Association,39340213
TMEM240,MESH:D010302,1.0,Association,39340213
MTARC1,MESH:D008107,0.999,Association,39716370
LHX4,OMIM:217095,1.0,Association,39991535
LHX4,MESH:D006058,1.0,Association,39991535
CRP,MESH:D020521,1.0,Association,23046580
CRPP1,MESH:D006973,1.0,Association,23046580
CRP,MESH:D009203,1.0,Association,23046580
CRP,MESH:D006973,1.0,Association,23046580
SYT14,MESH:D002972,0.713,Association,38608796
NMNAT1,MESH:D057130,0.821,Association,26316326
MIR3122,MESH:D001943,0.657,Association,31997582
UBAP2L,MESH:D000014,0.989,Association,39720179
UBAP2L,MESH:D001523,0.658,Association,39720179
UBAP2L,MESH:D012640,0.985,Association,39720179
UBAP2L,MESH:D019066,0.999,Association,39720179
UBAP2L,MESH:D007806,0.994,Association,39720179
UBAP2L,MESH:D002658,0.999,Association,39720179
UBAP2L,MESH:D008607,0.998,Association,39720179
UBAP2L,MESH:D007153,0.562,Association,39720179
TMEM63A,MESH:D003711,0.842,Negative_Correlation,39982638
GJB3,MESH:D003638,0.999,Association,39700758
ACTA1,MESH:D002908,1.0,Association,39815277
LMNA,MESH:D002908,1.0,Association,39815277
MSTO1,MESH:D002908,1.0,Association,39815277
ACTA1,MESH:D009136,0.991,Association,39815277
ZNF684,MESH:D003866,0.775,Association,35017462
ITGB3BP,MESH:D000067877,0.964,Association,35215271
EFCAB7,MESH:D001321,0.663,Association,35215271
EFCAB7,MESH:D000067877,0.992,Association,35215271
LCE1C,MESH:D055948,0.999,Association,37138756
RAP1A,MESH:D055948,0.999,Association,37138756
SEC16B,MESH:D050177,1.0,Association,38604958
SEC16B,MESH:D009765,1.0,Association,38604958
ADCY10,MESH:D053627,1.0,Association,39891992
ADCY10,MESH:D007669,0.999,Association,39891992
ADCY10,MESH:D018365,1.0,Association,39891992
ADCY10,MESH:D053565,1.0,Association,39891992
ADCY10,MESH:D015835,1.0,Association,39891992
ADCY10,MESH:D006869,1.0,Association,39891992
ADCY10,MESH:D007248,0.999,Association,39891992
H3-3A,MESH:D009369,0.999,Association,40317378
H3-3A,MESH:D018212,0.993,Association,40317378
CCDC27,MESH:D020388,1.0,Association,18597038
RERE,MESH:D020388,0.805,Association,18597038
SSU72,MESH:D020388,1.0,Association,18597038
ISG15,MESH:D020388,1.0,Association,18597038
FMN2,MESH:D019042,0.973,Association,40056411
LMNA,MESH:D049288,0.998,Association,40361203
ZMYM4,MESH:D054218,0.986,Association,39207003
KCNQ4,MESH:D006319,1.0,Association,40178561
USP24,MESH:D016399,0.848,Negative_Correlation,40238877
USP24,MESH:D009369,0.999,Association,40238877
USP24,MESH:D008175,0.998,Association,40238877
Rxrg,MESH:C564835,0.614,Association,40317544
Rxrg,MESH:D012162,0.999,Association,40317544
GSTM3,MESH:D002292,0.997,Association,29569387
MIR556,MESH:D002292,0.976,Association,29569387
GSTM3,MESH:D009369,0.834,Association,29569387
ITLN2,MESH:D015535,0.935,Association,35806402
SPATA21,MESH:D020329,0.967,Association,36183486
RNF186,MESH:D015212,0.771,Association,40328563
CRP,MESH:D003424,0.847,Positive_Correlation,40328563
RNF186,MESH:D003424,0.994,Association,40328563
ITGB3BP,MESH:D006554,0.969,Association,22499347
FOXD3,MESH:D006554,0.997,Association,22499347
PGM1,MESH:D006554,0.908,Association,22499347
ROR1,MESH:D006554,0.839,Association,22499347
ALG6,MESH:D006554,0.996,Association,22499347
DLEU2L,MESH:D006554,0.996,Association,22499347
LEPR,MESH:D006554,0.911,Association,22499347
ATG4C,MESH:D006554,0.916,Association,22499347
ZBTB40,MESH:D010024,0.992,Association,30661131
ZBTB40-IT1,MESH:D010024,0.998,Association,30661131
JUN,MESH:D010024,0.999,Association,30661131
SH2D5,MESH:D003704,0.987,Association,36543923
SH2D5,MESH:D000544,0.915,Association,36543923
PARS2,MESH:D012640,1.0,Association,37956963
PARS2,MESH:D010049,1.0,Association,37956963
PARS2,OMIM:617023,1.0,Association,37956963
PARS2,MESH:D002658,0.999,Association,37956963
PARS2,MESH:C564543,1.0,Association,37956963
PARS2,MESH:D008607,1.0,Association,37956963
PARS2,MESH:D013064,0.999,Association,37956963
HCN3,MESH:D009358,1.0,Association,39361439
HCN3,MESH:D004827,1.0,Association,39361439
MIR3117,MESH:D015179,0.999,Association,40235333
MIR3117,MESH:D009369,0.999,Association,40235333
MIR3117,MESH:D009362,1.0,Association,40235333
FCGR3A,MESH:D001249,1.0,Association,40189906
FCGR3B,MESH:D001249,0.91,Association,40189906
L1TD1,MESH:D015179,0.861,Association,30529582
EFCAB2,MESH:D015179,0.785,Association,30529582
LINC01360,MESH:D003865,0.997,Association,32193514
OR2L8,MESH:D007676,0.784,Association,24385048
OR2AK2,MESH:D003920,0.998,Association,24385048
OR2AK2,MESH:D007676,0.996,Association,24385048
OR2AK2,MESH:D003924,0.997,Association,24385048
MIR4427,MESH:D013274,0.999,Association,35008894
MIR199A2,MESH:D012509,0.927,Association,36989515
COA7,MESH:D002524,0.998,Association,37750949
COA7,MESH:D004421,1.0,Association,37750949
COA7,MESH:D010523,1.0,Association,37750949
COA7,MESH:D017827,1.0,Association,37750949
COA7,MESH:D056784,0.999,Association,37750949
COA7,MESH:D011115,0.997,Association,37750949
COA7,MESH:C548028,0.986,Association,37750949
COA7,MESH:D019973,0.868,Association,37750949
OR2M3,MESH:D000067877,0.966,Association,26398136
GLIS1,MESH:D000067877,0.989,Association,26398136
OR2M4,MESH:D000067877,0.805,Association,26398136
KDM4A,MESH:D009293,0.899,Association,34728798
LRRIQ3,MESH:D009293,0.999,Association,34728798
OR2T35,MESH:D014983,1.0,Association,37109656
OR2T35,MESH:C567886,0.701,Association,37109656
DPH5,OMIM:616901,0.651,Association,37675463
DPH2,OMIM:616901,0.987,Association,"37675463,40130534"
TARS2,MESH:D030342,0.971,Association,38482264
TARS2,MESH:C565423,0.605,Association,38482264
TARS2,MESH:D051436,0.931,Association,38482264
TARS2,MESH:D007037,0.98,Association,38482264
TARS2,MESH:D007011,0.961,Association,38482264
SKI,MESH:D006331,1.0,Association,33428857
EVA1B,MESH:D058225,0.658,Association,33428857
CLCNKB,MESH:D053206,1.0,Association,39616448
KCNJ10,MESH:D053206,1.0,Association,39616448
DPH2,MESH:D006130,0.999,Association,40130534
DPH2,MESH:D005183,1.0,Association,40130534
DPH2,MESH:D013036,0.999,Association,40130534
DPH2,MESH:C536116,0.999,Association,40130534
DPH2,MESH:D001284,0.998,Association,40130534
DPH2,MESH:D019973,0.973,Association,40130534
DPH2,MESH:D002658,1.0,Association,40130534
DPH2,MESH:D056784,0.948,Association,40130534
DPH2,MESH:D012640,0.999,Association,40130534
DPH2,MESH:C536503,0.999,Association,40130534
DPH2,MESH:D057215,0.999,Association,40130534
DPH2,MESH:D009123,1.0,Association,40130534
ADSS2,MESH:D001249,1.0,Association,40133993
PEX10,MESH:C536664,0.999,Association,40267090
PEX10,OMIM:614871,0.988,Association,40267090
TMEM240,MESH:C536096,1.0,Association,38617829
TMEM240,MESH:D013577,0.627,Association,38617829
TMEM240,MESH:D004421,0.988,Association,38617829
TMEM240,MESH:D020821,1.0,Association,38617829
TMEM240,MESH:D006948,1.0,Association,38617829
OPRD1,MESH:D064420,1.0,Association,40006034
OPRD1,MESH:D010146,1.0,Association,40006034
OPRD1,MESH:D015179,1.0,Association,40006034
OSBPL9,MESH:D001927,0.998,Association,40182349
OSBPL9,MESH:C535714,1.0,Association,40182349
OSBPL9,MESH:C562568,1.0,Association,40182349
OSBPL9,MESH:D006849,1.0,Association,40182349
OSBPL9,MESH:D008607,0.999,Association,40182349
OSBPL9,MESH:D001176,1.0,Association,40182349
SYT14,MESH:D012559,0.996,Association,34947986
LINC02774,MESH:D063646,0.978,Association,35074755
LINC02774,MESH:D015179,0.998,Association,35074755
ALG6,MESH:D017696,1.0,Association,38256083
DHDDS,MESH:D052919,0.999,Association,38256083
DHDDS,OMIM:613861,0.995,Association,38256083
ALG6,OMIM:613861,0.526,Association,38256083
ALG6,MESH:D012162,1.0,Association,38256083
ALG6,MESH:D000077765,1.0,Association,38256083
DHDDS,MESH:D017696,0.831,Association,38256083
DHDDS,MESH:D000077765,0.998,Association,38256083
BEST4,MESH:D003550,0.999,Association,39974899
AMPD1,MESH:D007153,0.911,Association,40332645
AMPD1,MESH:D005221,0.999,Association,40332645
JUN,MESH:D005909,0.993,Association,35538663
OR2T7,MESH:D005909,1.0,Association,35538663
OR2T7,MESH:D009369,0.997,Association,35538663
EXO5,MESH:D009369,1.0,Association,40115981
EXO5,MESH:D011471,1.0,Association,40115981
RBM8A,MESH:D016269,0.999,Association,39348862
RBM8A,MESH:C536940,1.0,Association,39348862
RBM8A,MESH:D004760,0.999,Association,39348862
FLG,MESH:D005512,0.997,Association,39348862
SCNN1D,MESH:D003924,0.999,Association,39554687
RNF223,MESH:D003924,0.998,Association,39554687
ANKRD65,MESH:D003924,0.964,Association,39554687
TTLL10,MESH:D003924,0.997,Association,39554687
GPR61,MESH:D009765,0.992,Association,39766774
GPR61,MESH:D050177,0.947,Association,39766774
ASH1L,MESH:D012640,0.999,Association,39902220
ASH1L,MESH:D001289,1.0,Association,39902220
ASH1L,MESH:D000067877,1.0,Association,39902220
ASH1L,MESH:D008607,1.0,Association,39902220
CNIH4,MESH:D004828,0.999,Association,40240269
WDR26,MESH:D004828,0.999,Association,40240269
CNIH4,MESH:D000069279,0.775,Association,40240269
WDR26,MESH:D008607,0.999,Association,40240269
CNIH3,MESH:D012640,0.994,Association,40240269
WDR26,MESH:D012640,0.999,Association,40240269
CNIH3,MESH:D004828,0.999,Association,40240269
CNIH3,MESH:D000069279,0.992,Association,40240269
PRDX6,MESH:D008180,0.998,Association,36311744
MTHFR,MESH:D020767,1.0,Association,37076800
MTHFR,MESH:D020138,1.0,Association,37076800
MTHFR,MESH:D009369,0.998,Association,37076800
GPR88,MESH:D008607,1.0,Association,39334510
PADI4,MESH:D008228,1.0,Association,39904454
PADI2,MESH:D012128,0.992,Association,39904454
PADI2,MESH:D008228,1.0,Association,39904454
PADI2,MESH:D007249,0.699,Association,39904454
PADI4,MESH:D007249,0.977,Association,39904454
PADI4,MESH:D012128,0.966,Association,39904454
PADI4,MESH:D000086382,0.908,Association,39904454
PADI2,MESH:D000086382,0.526,Association,39904454
PADI4,MESH:D045169,0.711,Association,39904454
PTCH2,MESH:D055752,0.55,Association,40197849
PCSK9,MESH:D006938,0.996,Association,40362720
PCSK9,MESH:D002318,0.809,Association,40362720
HFM1,MESH:D053713,1.0,Association,39929154
HFM1,MESH:D007006,0.996,Association,39929154
HFM1,MESH:C565644,1.0,Association,39929154
HFM1,MESH:D016649,1.0,Association,39929154
CFHR5,MESH:D008268,0.998,Negative_Correlation,40250423
CFH,MESH:D008268,1.0,Association,40250423
SLC50A1,MESH:D003072,1.0,Association,37985543
TARS2,MESH:D008607,0.969,Association,37985543
SLC50A1,MESH:D008607,0.952,Association,37985543
TARS2,MESH:D003072,1.0,Association,37985543
GUK1,MESH:D008175,1.0,Association,39919745
GUK1,MESH:D009369,0.999,Association,39919745
AVPR1B,MESH:D000068105,1.0,Association,39278467
AVPR1B,MESH:D001714,0.728,Association,39278467
AVPR1B,MESH:D001528,0.999,Association,39278467
ZSCAN20,MESH:D009437,0.983,Association,26629533
TLR12P,MESH:D009437,1.0,Association,26629533
ODF2L,MESH:D015179,0.98,Positive_Correlation,38334481
ODF2L,MESH:D009369,0.972,Association,38334481
ATP1A4,MESH:D009123,0.997,Association,39833541
MIR3916,MESH:D011471,0.911,Association,34298795
CLCNKB,MESH:D007008,0.999,Association,39405114
CLCNKB,MESH:D051437,0.991,Association,39405114
CLCNKB,MESH:D007674,1.0,Association,39405114
ZNF281,MESH:D009362,1.0,Association,39518154
ZNF281,MESH:D009369,0.86,Association,39518154
ZNF281,MESH:D002583,0.878,Association,39518154
LHX4,MESH:D007037,0.912,Association,40150646
LHX4,MESH:C580003,1.0,Association,40150646
HCRTR1,MESH:D009765,0.941,Association,29868124
OR2AK2,MESH:D009765,0.989,Association,29868124
KRT8P21,MESH:D051436,0.99,Association,39558362
NTRK1,MESH:D009477,1.0,Association,40211677
PUM1,MESH:D010292,1.0,Association,40211677
PUM1,MESH:D009477,1.0,Association,40211677
PUM1,MESH:D002524,1.0,Association,40211677
NTRK1,MESH:D002524,0.786,Association,40211677
NTRK1,MESH:D010292,0.998,Association,40211677
ATAD3A,MESH:D016638,1.0,Association,40246775
ATAD3A,MESH:D000094602,1.0,Association,40246775
ATAD3A,OMIM:617183,1.0,Association,40246775
FOXE3,MESH:D008850,0.997,Association,40326030
FOXE3,MESH:C537775,0.988,Association,40326030
CLDN19,MESH:D014126,0.999,Association,39746837
CLDN19,MESH:D008268,1.0,Association,39746837
CLDN19,MESH:D007674,0.982,Association,39746837
CLDN19,MESH:D002921,0.731,Association,39746837
MCL1,MESH:D001943,0.999,Association,35962848
CDK11A,MESH:D001943,0.999,Association,35962848
SELENON,MESH:D009135,0.998,Association,39980054
CATSPERE,MESH:D009845,0.935,Association,30239785
CATSPERE,MESH:D007248,0.683,Association,30239785
EFCAB2,MESH:D007970,0.787,Association,32683206
EFCAB2,MESH:D009503,0.773,Association,32683206
S100A7,MESH:D011565,1.0,Association,40287453
S100A7,MESH:D015535,0.996,Association,40287453
SPATA21,OMIM:181800,0.814,Association,25811265
KLHL17,MESH:D007249,0.94,Association,39371158
PDE4DIP,MESH:D015179,0.999,Association,39629711
TBCE,MESH:D019973,0.923,Association,39657131
TBCE,MESH:C543092,0.999,Association,39657131
TBCE,MESH:D001927,1.0,Association,39657131
TBCE,MESH:D006130,0.999,Association,39657131
TBCE,MESH:D009896,1.0,Association,39657131
TBCE,MESH:D008607,1.0,Association,39657131
TBCE,MESH:C537157,1.0,Association,39657131
TBCE,MESH:D003929,1.0,Association,39657131
TBCE,MESH:D002658,0.999,Association,39657131
SDCCAG8,MESH:D009765,0.852,Association,39712340
DARS2,MESH:C567009,1.0,Association,40185339
DARS2,MESH:D056784,0.998,Association,40185339
DARS2,MESH:D028361,0.946,Association,40185339
MROH9,MESH:D010190,1.0,Association,35077391
ABCD3,MESH:C535932,1.0,Association,39814052
NAXE,MESH:D020521,1.0,Association,39937421
NAXE,MESH:D012640,0.986,Association,39937421
NAXE,MESH:D001927,1.0,Association,39937421
NAXE,MESH:D020274,1.0,Association,39937421
NAXE,MESH:D003643,1.0,Association,39937421
NAXE,MESH:C538352,0.778,Association,39937421
NAXE,MESH:D002493,1.0,Association,39937421
NAXE,MESH:D012131,0.995,Association,39937421
NAXE,MESH:D007249,0.97,Association,39937421
NR5A2,MESH:D006528,0.999,Association,40269773
NR5A2,MESH:D008175,1.0,Association,40269773
NR5A2,MESH:D009369,0.999,Association,40269773
NR5A2,MESH:D002294,1.0,Association,40269773
